# Created by Octave 7.3.0, Sat May 06 19:07:47 2023 GMT
# name: params
# type: matrix
# rows: 10285
# columns: 1
 0.40373528246853224
 0.82673259771756058
 0.55545645334442617
 0.54096772082799849
 0.27796600909658437
 0.1997856803046329
 0.048203529472232096
 0.93859769752165489
 0.81423243810716261
 0.098394642298418697
 0.37211194311625689
 0.72268936115932791
 0.73004312314629194
 0.24788664895167772
 0.35493228834612306
 0.55931845112710443
 0.2661961113496672
 0.025917252798004099
 0.3669590537224538
 0.057939392373783247
 0.50880851272416872
 0.72579508996369968
 0.45665702186501894
 0.060790189756779453
 0.38046514070672172
 0.37774771377353983
 0.50139490062371672
 0.34035943007055541
 0.99551372077929345
 0.27580188935235223
 0.27456614829566001
 0.23746356986890388
 0.85992794651901905
 0.044293874906807404
 0.88447126895930739
 0.76753827356219695
 0.99410700628690529
 0.22480359614840123
 0.5690695106007283
 0.99510247310334743
 0.97851473159187674
 0.032271368986375989
 0.24231586773542352
 0.887782590704288
 0.43674371673579954
 0.38047254630606026
 0.41278134925483106
 0.5748451067207988
 0.40350970454199547
 0.99252036621865081
 0.7082763987506735
 0.33966648521494908
 0.98516397350669771
 0.55443281331832872
 0.29814276877810725
 0.33487471189194479
 0.86940611717131877
 0.70135043433543087
 0.14842572929421111
 0.1596190991436966
 0.61105130101155181
 0.66806486985651514
 0.74798778854935832
 0.60399196491545304
 0.10448203233039337
 0.25141479009589857
 0.14128562875561818
 0.6433541829264785
 0.024791316908062844
 0.67486513266076686
 0.62823070049514829
 0.79593679056669497
 0.14707574834538567
 0.8385281897224256
 0.92643084968615463
 0.27787614810826017
 0.31412795285891854
 0.26040321972065089
 0.39485932729099787
 0.83856926338585969
 0.1767635522502245
 0.16271323188325831
 0.35600513988869603
 0.68507145972744121
 0.9551389128787815
 0.045622919232164036
 0.17725189948316761
 0.19295064582509963
 0.32969959842127511
 0.071606853000317258
 0.57197410307331542
 0.83961592464566259
 0.75773517651431965
 0.2446794544383874
 0.84419446858678104
 0.71317354416525602
 0.40439110319880683
 0.49801042288834413
 0.16166407101203867
 0.12581870645308407
 0.65198107409769235
 0.23451405999398661
 0.42560405395438033
 0.67846453512897931
 0.95604157890054642
 0.09027112083420212
 0.61789333743614627
 0.79800009292796947
 0.90491628348307163
 0.23302052407645962
 0.7516481119392977
 0.52059380363432817
 0.97083123267821225
 0.82346122396649335
 0.56193698296769845
 0.47247548387579769
 0.94968822810652453
 0.96731478169065221
 0.26425594611579767
 0.699543191583751
 0.6524555338259298
 0.78273620144307365
 0.096899342346520576
 0.067079514708751883
 0.42947493057630931
 0.32832613793932625
 0.8248185763528556
 0.91545290723693629
 0.1539609705378237
 0.79145201150496647
 0.87715742242263395
 0.65667969612014698
 0.21851339005629861
 0.66178604974566635
 0.51385173689941199
 0.19275165692009361
 0.098344077350821887
 0.70851403289035908
 0.086853598937413332
 0.87358732159984898
 0.14086229892116037
 0.7293876012684174
 0.89637417610188141
 0.91447923107378282
 0.12250093977903891
 0.67158217108288487
 0.99128333942048863
 0.99383617870059826
 0.92738359275042037
 0.022683556399690153
 0.12809792134727577
 0.099974864418164985
 0.93382267695160193
 0.99821192938039971
 0.027995354406750429
 0.6866148463082935
 0.052420492159669083
 0.049386657725650915
 0.79275635429295022
 0.67166818778881987
 0.10903740235471042
 0.20761167555546806
 0.70376662378660204
 0.057295011682092209
 0.77186356395008315
 0.78641917461964128
 0.28164565835990646
 0.9321775019593258
 0.86333475742977772
 0.86079038088113891
 0.40984454730981429
 0.97747439821869841
 0.42817882082601239
 0.360896877155572
 0.28329068590622425
 0.5983921653629598
 0.070528364135208174
 0.14119220987993225
 0.98051008359756175
 0.6331055083735192
 0.080275394144033105
 0.17975331928988708
 0.33979297828073446
 0.094091935928137735
 0.92505820364229441
 0.17157842602990608
 0.061725901174678841
 0.83823776815228157
 0.77891116552925477
 0.29943784951473423
 0.20395152934443889
 0.9887112934909289
 0.38424479519374261
 0.83149341735531834
 0.34436177172312038
 0.54042077326946225
 0.05877459509808429
 0.63352607736272959
 0.78331976605493459
 0.52067830040197816
 0.82769451600172039
 0.74100432710487951
 0.22263878942506937
 0.012858228550909612
 0.64323284651267798
 0.55592552155035435
 0.91231460211074389
 0.8789565041668127
 0.18818964713743896
 0.64271569780403603
 0.93195329751107236
 0.13559639278624341
 0.22504901339138922
 0.4091473110872838
 0.91766420115943048
 0.16218104878661849
 0.61028712601934987
 0.043309225496188694
 0.79181065333906797
 0.71314982709528496
 0.76448093521224569
 0.2963741547769147
 0.14498792855210457
 0.296488576495826
 0.24886016570708486
 0.61807690307661067
 0.083402108732649902
 0.72164227642015111
 0.78742039794502572
 0.22524832390918353
 0.4790767262752697
 0.44592551811431741
 0.40414603960851442
 0.35586247840261737
 0.96464412184021009
 0.45610051031101556
 0.867644726412934
 0.85990320395680953
 0.71693092738836361
 0.42489038604535007
 0.97267017205263273
 0.57467677099721159
 0.68971162334706171
 0.10226894027846038
 0.99320156371867963
 0.38962375538465349
 0.61486209051852692
 0.84214861978998301
 0.031191803606147862
 0.043991768310860199
 0.14403451127161321
 0.45909580348543561
 0.3950469580167813
 0.27040318333745533
 0.02319829984031534
 0.61528710885646554
 0.56244724117172962
 0.45532942337819976
 0.54309110434400021
 0.24272172997886127
 0.53621046634481362
 0.28382392406982165
 0.31513215714091219
 0.19254023675295279
 0.96102020884727302
 0.38191605142840129
 0.31985750171241317
 0.4596388603318336
 0.32370177940600114
 0.5024309109390368
 0.77513998193328792
 0.84280727768453889
 0.83592028583724354
 0.3869306283990816
 0.49578491784788165
 0.76713422784435714
 0.89530705518846454
 0.73332786024936591
 0.67566033377624435
 0.090588630384787192
 0.58764798590937906
 0.61590244706196862
 0.33781231984254184
 0.33315597683122883
 0.93265628616450269
 0.65475927281208923
 0.18145648926900643
 0.81337003903675997
 0.21977652960274413
 0.044925419507528083
 0.034111023532559723
 0.74208101807749527
 0.53696566787404254
 0.45503974631414684
 0.43316599670498107
 0.90947779761214187
 0.82345302396422293
 0.6583650575588641
 0.36630612627375941
 0.50854978119731953
 0.0032433477129485853
 0.091629097781939436
 0.06235685396259065
 0.87205328417112671
 0.21722565388359577
 0.1236911232185534
 0.73941358213179287
 0.40561270813144273
 0.65875314247496841
 0.097620038270258266
 0.98957194121683356
 0.33995724922765952
 0.20034173782970915
 0.41700869672573332
 0.76268574281367341
 0.31949276996799508
 0.34504335938351377
 0.30906983324060583
 0.40373361473824915
 0.32236084317571173
 0.19131657109546246
 0.30522265614209126
 0.76478221837672844
 0.94557030405326936
 0.10841972408560278
 0.45826136170535675
 0.21189206491636919
 0.23229071706199417
 0.68606865927276683
 0.11781834533387907
 0.5914400192774586
 0.043636905952296232
 0.96578301813099465
 0.75867659807514953
 0.39036014800656166
 0.23375812342778496
 0.89925328382465042
 0.21843558302939353
 0.9707717509375573
 0.13498539439338036
 0.36450603573826018
 0.45083843992591027
 0.60348077138476486
 0.15706847173041022
 0.70103906527027393
 0.69029307644596904
 0.90815560373181914
 0.92218033453230275
 0.72272666081475667
 0.21152368800364957
 0.60593888537128959
 0.57433195025457162
 0.63557165982550434
 0.36615944300481712
 0.50934315922212281
 0.8692272824837477
 0.69867747455999052
 0.97734306192990139
 0.42007977937396829
 0.39629973243887678
 0.95463942427153814
 0.72138620594732461
 0.3684096883807661
 0.88352820016335765
 0.22773589711594483
 0.39414176881787527
 0.81918181837388004
 0.4319379183445699
 0.67615647179547356
 0.1865822916799586
 0.37162927990277544
 0.99091024049746157
 0.00091515089993770009
 0.75328794928630127
 0.96215372046271763
 0.88238413136850569
 0.19978083264924446
 0.80647140823362129
 0.45118850307805641
 0.61317567085047808
 0.39281919060810061
 0.47433754674600997
 0.35097175794005836
 0.72709037666164555
 0.12178003768921923
 0.86121552844553639
 0.54292435477819123
 0.77381846754173389
 0.39722550847912869
 0.23576657266840367
 0.15982664201684199
 0.11900997586808597
 0.84851922900617893
 0.89784947005036964
 0.71687902525906899
 0.98224814715355391
 0.18486643695792232
 0.72924379414843132
 0.56043791970307899
 0.093323358635042306
 0.74538966642852378
 0.75356392739043887
 0.38195838044140334
 0.45211240684398685
 0.92022926937487037
 0.89373087512921523
 0.361992845387412
 0.90392124680320829
 0.81369152247418808
 0.96490838425372361
 0.31844647996399739
 0.11525107928254301
 0.94915283575244558
 0.48324121928401392
 0.61094257562487442
 0.73265908152762049
 0.12700870493680144
 0.47648258816094863
 0.22058438290853383
 0.36631124450316904
 0.50482249154559478
 0.62635827625196527
 0.12084696968829582
 0.4574884062494568
 0.81295919956009766
 0.75592118250068707
 0.79183768359491424
 0.59313256600208142
 0.58204518552799744
 0.85933127003835241
 0.70473180666872637
 0.39121158813819706
 0.73569525757176879
 0.075273437959988684
 0.056088292754277666
 0.17015067881177498
 0.87694615600503689
 0.89369685461004367
 0.38214768719747133
 0.310280171070555
 0.43709376317355192
 0.26265469397199231
 0.59735201238461055
 0.42422662075033407
 0.89340195684338097
 0.051538539987278795
 0.86297461808278531
 0.59723338766703005
 0.80100185978843297
 0.466138315712813
 0.70501306782160078
 0.12301468732508795
 0.5164653397554827
 0.88655253748104468
 0.20001665896291726
 0.80618263307021665
 0.025410047224181543
 0.59283405059280814
 0.94277560408801564
 0.013825165520063232
 0.092861598689879352
 0.66733101421118046
 0.16960939516798251
 0.78069260923143713
 0.42735750540305978
 0.80742494710810275
 0.74031176247027763
 0.42177133182588294
 0.72257489840611733
 0.97805070918384307
 0.89354087613172029
 0.45994601627767456
 0.97481991792382661
 0.49419243129140183
 0.79272903277286755
 0.43951295691859044
 0.184083881101127
 0.48926905335030396
 0.83313163715094074
 0.071172305040349701
 0.35805764477386787
 0.73687448335893524
 0.57474007256909942
 0.0074002695278039708
 0.5529517051713968
 0.61358607971662638
 0.16556855154888922
 0.49013857846912273
 0.1818318005671184
 0.70314200209245403
 0.092995299437674969
 0.2101414013756378
 0.46698249021831989
 0.11139790085084704
 0.81126316838456125
 0.24056451935851181
 0.64706212793269802
 0.45630933735149942
 0.7607681780984249
 0.53415048982194591
 0.65004374429488798
 0.87927958339560064
 0.41545805855916235
 0.1447429356596564
 0.074655037704052726
 0.86279427605120596
 0.18946338683668945
 0.22224438482240133
 0.19237404055632895
 0.091955273743163521
 0.76882516618358521
 0.57994587533839603
 0.4865696785440326
 0.39158637092077292
 0.34842408401340769
 0.88427548340771633
 0.38055779786513649
 0.61933812610616079
 0.067768092283847212
 0.53078368867671732
 0.21584973555509795
 0.43351596610135751
 0.34179786729813483
 0.16923261384667215
 0.70766289467711596
 0.55436227190062937
 0.34368430191646732
 0.50799050599481477
 0.25274852059938152
 0.95810457069926014
 0.28920508801260986
 0.49364937614561494
 0.62617256194828597
 0.81225328250413298
 0.19759652489388863
 0.8079472069625957
 0.41726468018317503
 0.046351627209331656
 0.039861981792475618
 0.98831272730389164
 0.35341331499762535
 0.78512373273973712
 0.70091585389685906
 0.24362939950977341
 0.93390599220650672
 0.94034630192660518
 0.85323253813170075
 0.62216017136002744
 0.19874082079496497
 0.45468899959618742
 0.25267302725663893
 0.52207973071286706
 0.78909426086610279
 0.49756882166251354
 0.79531848015297857
 0.81835303667195403
 0.28108069382934414
 0.54115332012312378
 0.797430734914091
 0.4467664010320222
 0.73059639135767063
 0.19473187463705027
 0.027786656166804247
 0.18816892595691931
 0.8727758325044559
 0.33265137074732259
 0.21700115894122723
 0.8834918574116758
 0.43115083164567497
 0.94789465474680146
 0.21571054207196111
 0.52438732223640927
 0.013364158735973453
 0.65401617596928585
 0.87492064667122871
 0.067072564677786703
 0.59813058579812828
 0.19757877561930287
 0.14268020869515624
 0.75373698410613943
 0.28613321145778575
 0.82750829745736953
 0.55490603818525119
 0.55083336087963353
 0.52473119959452241
 0.018240953854077358
 0.7189080906953853
 0.59192018421626924
 0.7953009840863341
 0.3202332326067317
 0.82056507107370591
 0.64037121027842592
 0.31107215472002686
 0.7987760637698077
 0.26247918870854064
 0.61148936529770348
 0.55341446970032038
 0.61336835514037535
 0.68287393161671261
 0.58990425070429786
 0.045605993096150474
 0.98850670213021374
 0.6704171238692086
 0.70210067447327607
 0.45002626518485195
 0.083135125689415765
 0.75005055857275704
 0.91209814032632996
 0.62107569701286502
 0.71693716832007848
 0.57555810026917109
 0.51347860594352446
 0.32772003328109528
 0.84215818138542564
 0.76622169711771626
 0.011208087361355746
 0.47243938565275584
 0.094579730888620414
 0.94260672695092518
 0.92725305326017926
 0.38418075555488301
 0.57205307309739872
 0.21825321661137181
 0.88018527274850189
 0.076636001608459556
 0.12282866771309291
 0.13984873242808177
 0.50749097142728461
 0.38328928201967921
 0.052063172513027209
 0.96313022270585835
 0.93306525950871533
 0.60626614191544981
 0.54592607210108091
 0.065748080341196655
 0.88222892340910664
 0.32650486804545936
 0.51030345808437028
 0.13511288009677663
 0.83153050038061072
 0.05119855642362707
 0.32886979886634143
 0.65210078485664003
 0.12664020020942052
 0.67921093604036253
 0.094840833927905363
 0.64044678925460807
 0.092906443789462265
 0.76026338726531972
 0.48851554779031697
 0.70649217599393122
 0.32835883828680207
 0.59289140801971774
 0.61126305738720554
 0.57032570148289674
 0.22751623184229969
 0.461955920385901
 0.88276864818877221
 0.019107060624849948
 0.90318254260018982
 0.97413308741050142
 0.93144409587713384
 0.19212687322673477
 0.52999827067685723
 0.77736999697891218
 0.41780744735480474
 0.8901877228598335
 0.32490145790105412
 0.65488440704800055
 0.68740109431445495
 0.53261133764321522
 0.098482062885156527
 0.18230095463266432
 0.76572053257804695
 0.46266488979779735
 0.0089292734966548888
 0.1758246858645362
 0.48410429527584425
 0.64945285353872018
 0.53062930620071591
 0.2493215082075238
 0.50850532140114202
 0.45868186937579819
 0.68194004033823374
 0.0082103197609796792
 0.88200961061173233
 0.014749009364434951
 0.78350702069705425
 0.25363909366751597
 0.082543724261724558
 0.26489177973658723
 0.39488504199801483
 0.15564727057286104
 0.62988880439248773
 0.050245034370501582
 0.2418881385008031
 0.47823415324744262
 0.74748836698131094
 0.21861117915487033
 0.26405904718963397
 0.037747970564981512
 0.43827831505598674
 0.9344336546977231
 0.096989222313053666
 0.22114593125497245
 0.98044592543162767
 0.13152568709817386
 0.43642932089837966
 0.93785035247041659
 0.31110100425742554
 0.087795143883560398
 0.33132318105332131
 0.84002336899457053
 0.45980616237827771
 0.70238647125071796
 0.36134658123378088
 0.16263925646534921
 0.20528846961091313
 0.083269360635685727
 0.3201732859008018
 0.12621685199244176
 0.28804778572855921
 0.10172295468814833
 0.5986531121148867
 0.72879198639490883
 0.60942001569854976
 0.90730125134584894
 0.99136863697888011
 0.37422578144689206
 0.44840600544279624
 0.77502856713677304
 0.70822686292888404
 0.82528456021963792
 0.87898015292802856
 0.26362855992113182
 0.43359272249816666
 0.12865260156469466
 0.88113249112608372
 0.39665209434528154
 0.077220107720955264
 0.44483133838761463
 0.77160604024704427
 0.95607367849984615
 0.49854915644466319
 0.74288140440274741
 0.14496220998278869
 0.1039897913855871
 0.85550784606636532
 0.90011268015717771
 0.61765660090850139
 0.52517205402696909
 0.11003035547376154
 0.49338472201915234
 0.15110973876389971
 0.023343806667634737
 0.42177532298182546
 0.47678126138163895
 0.74627338969959378
 0.39875914846962041
 0.39614700423174581
 0.69831956401221307
 0.81676604592942581
 0.64118901636818826
 0.03733348816292352
 0.066695841123952923
 0.96710833480918934
 0.83567230075608157
 0.59746524168682924
 0.40975727638305875
 0.77859939879919193
 0.45728647528111083
 0.26644204979024949
 0.49671330186811508
 0.83415964083068206
 0.1115637205520195
 0.84643333361093753
 0.84867061366606933
 0.53309877917675508
 0.51258769048729791
 0.95159993923635711
 0.61968426672714139
 0.88635618027868546
 0.17281569319673157
 0.89693727403574497
 0.058414336936304531
 0.6553218527531679
 0.88176805239617884
 0.13111657844408736
 0.74047733001363403
 0.98647748951417058
 0.84221956380680008
 0.54559007338791188
 0.42478610446381943
 0.14531119085502203
 0.29837823307067163
 0.35417023191899605
 0.9808939371276888
 0.1640961557251413
 0.18432332354663877
 0.96639972580667011
 0.13034808560968331
 0.82251324396994741
 0.18071705543380795
 0.06312647050473312
 0.47997377147296999
 0.60097724187936175
 0.42592252404780079
 0.52602062585210396
 0.59568995269746572
 0.76803272861028615
 0.98791926939913866
 0.24242962585380817
 0.34243948559263465
 0.33012200202474146
 0.28764637145796851
 0.59683983624018722
 0.32809364080806186
 0.46982183626792601
 0.90492048831982119
 0.5013914652827155
 0.0046542878122607821
 0.23457285853386406
 0.14200969557317195
 0.24721274935246645
 0.55158077646365256
 0.39203273603968641
 0.039038642939426868
 0.20167027682027899
 0.61818764005720328
 0.20327391617713825
 0.60821965255216426
 0.62141224228491831
 0.72035549937079368
 0.84117560904281741
 0.094798041282135911
 0.58203074789539955
 0.23544661389974558
 0.93244574181335382
 0.088020887032914261
 0.25101887858169464
 0.60470064959227976
 0.21158795254907831
 0.34507229543410561
 0.93870083376279556
 0.031736990453982636
 0.40276598651489209
 0.21174951458870134
 0.56229020236040972
 0.42498364859073462
 0.21864818008212134
 0.41202552439159196
 0.075655355523530352
 0.67293033592506935
 0.074482854216372726
 0.86685130912691977
 0.86610079175492394
 0.14950802790851286
 0.32948950183603848
 0.093021253911958188
 0.70919361322264962
 0.60314070440192158
 0.55647023551184838
 0.1275118164647509
 0.75608981471924441
 0.077842967254875425
 0.14069650830580865
 0.72713840516379002
 0.29954280217196866
 0.66644619183635267
 0.67595522577057432
 0.70862220321743086
 0.78813942272786719
 0.94089228053350171
 0.61904235113674522
 0.85854068366639646
 0.76650981080665359
 0.46717585242957699
 0.96417508463337742
 0.48237682445295488
 0.33414403393534281
 0.88457826076869639
 0.041824296674903658
 0.61731171707580434
 0.56591866910822974
 0.47516235252239186
 0.55899262270809447
 0.21645749340842385
 0.7710042868350393
 0.44267466782501624
 0.50898445049286201
 0.18980272432923756
 0.9257422810162319
 0.50112996087787876
 0.14653398109875043
 0.37960811578283943
 0.010480845344593637
 0.35108632272355983
 0.54366695529111109
 0.32767037693047968
 0.34084982644594092
 0.58813522385247674
 0.6349151703353515
 0.40596495005939676
 0.18033693375195176
 0.21761543503200881
 0.6820367352113571
 0.27915629286489335
 0.21129858615547786
 0.22077668949394996
 0.18979818165515133
 0.70531535464031614
 0.74833117359345769
 0.93593484936879512
 0.60979887182503911
 0.92987054507667277
 0.58165964235881784
 0.34315919171570325
 0.47524057344061948
 0.60735181641480829
 0.5964087285023042
 0.76167791647369809
 0.88920465729335596
 0.042075337850154423
 0.30483957760150587
 0.97054983217694513
 0.47474841040262611
 0.35563224560743728
 0.21259372845274521
 0.46126683166614574
 0.53568782174414331
 0.28056088255212902
 0.01801812903326332
 0.19586727566540368
 0.055340284667369441
 0.029984755596523072
 0.50751582573461274
 0.45024213416574438
 0.34915478473602807
 0.088184871768768588
 0.65954542532899774
 0.30287351137954494
 0.47575639685072563
 0.26782946338235941
 0.91875533451348135
 0.35244040755840361
 0.50082775373070998
 0.27837869902009066
 0.36614124056930825
 0.88552409717115643
 0.80613474412963093
 0.9081845494800892
 0.51157918429170945
 0.61818298441605135
 0.10307124951172535
 0.11828409763192808
 0.34052870605792224
 0.55265270489207552
 0.20052844142946696
 0.93041826864284993
 0.77635969462265786
 0.23051009837301467
 0.73720967576741059
 0.19020032726754849
 0.94793031244234072
 0.22733359153843363
 0.1199651939753265
 0.67732973377712802
 0.11146135792922722
 0.0008744468086208546
 0.84963618253493267
 0.87303676541958908
 0.18731307941367853
 0.15450529221227755
 0.25441610428097011
 0.27520188900906056
 0.21092991946953649
 0.72891389149276775
 0.22220296609969664
 0.95360381254904225
 0.88347141811777108
 0.9357499039905065
 0.57179517616555331
 0.65183202707468146
 0.51236205144565861
 0.19495188412055159
 0.07019604544410922
 0.66562518392752124
 0.034271701315152156
 0.73823678997652797
 0.53882015623174551
 0.50301103147148685
 0.087142953006523013
 0.36308570652310285
 0.035079915440197881
 0.66261146557995143
 0.46945126922004948
 0.98243729271642366
 0.62796681262616527
 0.48338317078207554
 0.18108573265311073
 0.066577545359031085
 0.18869741139789903
 0.71978837537999851
 0.66887317538064195
 0.41710832807820569
 0.85989215527498686
 0.4934399729973607
 0.336267635739741
 0.21403695940120721
 0.17372820467799405
 0.47236181673122318
 0.13013912508785469
 0.37169694588091878
 0.82385641348495309
 0.065350670744538528
 0.010568763005005689
 0.43554686363751766
 0.46489069421299617
 0.090486324805099924
 0.20874826176988887
 0.56504080003887824
 0.71336479373604245
 0.73012725640715093
 0.28564467238771923
 0.60891593859484072
 0.68769300731298166
 0.25968484706237144
 0.058046801083936714
 0.29682787798051097
 0.42344726925167125
 0.84973067122951729
 0.88984128072943802
 0.23454023104761951
 0.67640462226196219
 0.12345100962257731
 0.904628965210867
 0.16772597037190168
 0.44471068562940358
 0.87606192852000564
 0.3816823835628001
 0.66662438993419981
 0.68404888991570489
 0.7673991930353169
 0.71481023781626163
 0.74687997327666944
 0.90658101070566477
 0.024535211580350592
 0.087791981700959962
 0.91603860946035076
 0.13261076029695368
 0.40220864219220726
 0.68628365531128188
 0.6216233116851021
 0.24620326846638135
 0.31222814119043291
 0.73330936747790432
 0.36460139728240787
 0.94113812678115794
 0.042622644600333201
 0.05990870164003774
 0.32725816123748036
 0.38135121654740317
 0.21565215557240108
 0.47399101525417725
 0.23678824680130811
 0.93554614715109308
 0.88265878483114746
 0.4124472561716151
 0.10968902825128039
 0.96007361442906802
 0.21795437374317678
 0.1214331389529331
 0.70174621716766483
 0.86021683575650476
 0.19834657390685745
 0.091761622794410178
 0.17431060062036591
 0.47570187182402629
 0.6301609558757022
 0.48438355572427511
 0.80480708161758874
 0.25797909421739612
 0.97340415875213071
 0.011719734652230019
 0.73385426378675933
 0.38689559905450449
 0.18104332991023048
 0.15913857246205648
 0.74949338705579061
 0.79298649925666442
 0.73006450850185389
 0.51063558396447561
 0.56068343886506944
 0.017816241232042663
 0.81752750443473332
 0.059241103332817888
 0.9206916127950513
 0.9150088197662759
 0.96731420223073539
 0.55161708261912989
 0.1263281309178142
 0.34961978821539014
 0.14288376199070191
 0.21133036545910328
 0.42723725958404862
 0.78697528089752888
 0.61892247466874628
 0.25663507726782314
 0.18756914220889082
 0.41792888569222569
 0.41180213170652108
 0.89560218098477817
 0.52586682247459016
 0.74163132422230493
 0.78370646346660833
 0.24304116185764552
 0.39849496158563052
 0.80578217751523962
 0.36395918940862187
 0.034310445049656788
 0.28105022621730996
 0.83550186992993447
 0.7027763097048576
 0.1218809872522572
 0.77107002065657926
 0.16361455309361478
 0.44125020883739047
 0.081031971921077514
 0.23283669779645538
 0.54401037505840621
 0.34939691259483902
 0.56031987168760833
 0.20175617274732555
 0.41651471026793635
 0.64004324659317635
 0.10925913404238834
 0.2086724704769381
 0.12602193594382022
 0.11332552332868377
 0.35452719456149456
 0.48044260357603213
 0.13855439388306984
 0.027852560733477794
 0.53095679224759029
 0.50605963441825474
 0.29524267807712262
 0.74847882019299727
 0.41746383097190715
 0.89453573376211004
 0.065338518380763586
 0.53148131688774958
 0.33710978561897392
 0.79719414477086892
 0.77084511009566081
 0.18018314850593581
 0.4059939284377862
 0.89041034911783723
 0.028075827739573556
 0.69867813504311138
 0.089793862756060425
 0.89206340147404384
 0.24603044690064607
 0.18312402692869795
 0.87911170874367173
 0.87020691146485907
 0.46246848566344695
 0.39443671233252248
 0.1452000792629044
 0.40815427645211683
 0.10714698407453753
 0.93347843774517703
 0.45684429203556404
 0.11261905439201629
 0.22943118264661061
 0.11319246318390523
 0.4209718870573696
 0.96719644617041156
 0.30406289512175849
 0.18325503699735152
 0.50235156225024513
 0.27031692031484994
 0.27049666161743918
 0.30425130895661795
 0.64144121591965764
 0.61277791953433625
 0.274768894420024
 0.91103277285337203
 0.81384023551972573
 0.1687713134163677
 0.39231845656830883
 0.55962357640087901
 0.30626544717507759
 0.29462850201098661
 0.56179435877581163
 0.15773000078835736
 0.23209584755801976
 0.34790128662382908
 0.57048244127380865
 0.92751553580070467
 0.098143073354470742
 0.99274297758575347
 0.17905197047037896
 0.33047060958575564
 0.2110773664947902
 0.74776991920785185
 0.55474050324547441
 0.81999500413390025
 0.77271868727329418
 0.90962210451128467
 0.031608614403527177
 0.11027658291347879
 0.45130745471917239
 0.66719844339354251
 0.92015464492436649
 0.063501127427224954
 0.45562629145851669
 0.52842543870664815
 0.80943994669942365
 0.93440292470669017
 0.31695301697856454
 0.23418133129835089
 0.3975244571971604
 0.87525014963613035
 0.69995360314663058
 0.852593705210557
 0.97822615546268266
 0.6085012002321849
 0.93837613539716336
 0.41844076549987713
 0.087782549799777107
 0.11441015456633345
 0.91568774520678942
 0.76579663790222929
 0.35327827542473805
 0.72709322750556238
 0.6674466062296347
 0.62438777455453387
 0.064360140959154363
 0.055349763857714104
 0.80463946742143144
 0.14361432600968188
 0.73972748805192456
 0.82235454932268592
 0.11626567649242851
 0.79773635474251403
 0.45107733007017253
 0.94630526885360966
 0.5112879508588819
 0.96975529949350048
 0.90346289380688027
 0.48634187841674154
 0.22157717590243314
 0.38926496500304525
 0.86910936040217068
 0.140109317902053
 0.029981759443963019
 0.088839912158230547
 0.6832162937426749
 0.72920400095379001
 0.83543453920298061
 0.87420019028708995
 0.75418433676051699
 0.55862533856551344
 0.085042713480181262
 0.64687888372470537
 0.32457558484122867
 0.51048446829265803
 0.32878697597427325
 0.83563299677736946
 0.38093421808101285
 0.65986492986117395
 0.033451983388701631
 0.18417407346369735
 0.29846964308824248
 0.59669759259239574
 0.43834776970064354
 0.82805319386563991
 0.58446029769337737
 0.54994469530549828
 0.11612244630799655
 0.13743793501572149
 0.05432112879214894
 0.98064229329385677
 0.45340706495594579
 0.41415488162642605
 0.59666000968267618
 0.13580058895748209
 0.70362703782148717
 0.06204898897676818
 0.98971979427192402
 0.2006886065001206
 0.98799888453787432
 0.52222140071544176
 0.11645213733730501
 0.49930878561204478
 0.73154013862879841
 0.73573613423201956
 0.53913372723130437
 0.12443421878563669
 0.9584125060651576
 0.59306981211991439
 0.96118672717308817
 0.56168914245713086
 0.63605227916503926
 0.46180371884490784
 0.19727506516133081
 0.97541583868311643
 0.25143719699443517
 0.2331257968945078
 0.96544176080180832
 0.87341407045204578
 0.2929670653403072
 0.26922891411194788
 0.53743529396515211
 0.61839563067061853
 0.28293491738583049
 0.61109355200206028
 0.75089882481336756
 0.84655509339526736
 0.47241883478794516
 0.24625463003947373
 0.97094150858964989
 0.85060564308149955
 0.43596563519646875
 0.92628480212027797
 0.76552943126954509
 0.2514708301988699
 0.21455147048600781
 0.56099519883687932
 0.75014633590939084
 0.75545336471353908
 0.85465136656887108
 0.0014840078176239669
 0.84551288392553314
 0.50868019068307413
 0.91645510341782277
 0.41945311856474526
 0.59901506772608382
 0.68194510331000768
 0.93488816337462211
 0.30430243900213644
 0.82601470306376301
 0.76972126782048556
 0.86623479657067448
 0.83718067793355133
 0.14737886488470403
 0.58543239899355914
 0.87749502398513946
 0.26473189007982439
 0.88183399436914112
 0.06541574231212903
 0.61765450097939179
 0.7032800839320118
 0.44622503904946814
 0.57929835576989896
 0.54436450951907112
 0.87290844302298232
 0.89262377379735403
 0.9545579812046342
 0.64940586737673855
 0.83461661116270536
 0.67215214451783922
 0.39522692720962288
 0.27084827901697067
 0.062511749525571855
 0.60441700365841355
 0.32914303189064392
 0.54258622808309198
 0.76429316557782001
 0.30558906445899831
 0.66942940889208891
 0.3188374437116433
 0.59802028114524719
 0.057080541035621143
 0.65146545284677104
 0.33100755930924569
 0.40205949618419939
 0.46821932328073762
 0.36430005311356922
 0.746271587970883
 0.14563124299090119
 0.034586582526206763
 0.69085936527534397
 0.1038249644052897
 0.14770290957640336
 0.40909998279923859
 0.45298573046305984
 0.0009126348173012389
 0.27577243602444418
 0.94036843499036626
 0.074292259278347525
 0.44945796020631951
 0.91883663213473965
 0.49098533309028408
 0.41694214952109238
 0.97816964878857171
 0.3293596503874508
 0.14079076493778259
 0.41458527828083319
 0.2775400149228297
 0.61305615714695016
 0.26384114953451082
 0.057377569054260655
 0.87924290259070925
 0.79560069379634168
 0.63389395422229222
 0.16934652882940499
 0.77727315747134629
 0.67618922138455118
 0.76381535270954715
 0.74981766836588604
 0.7212321763845857
 0.31196091730827952
 0.72784972248057667
 0.55424068830569873
 0.63568969907050576
 0.55960111076831587
 0.82858034691510885
 0.29564448965336271
 0.62648888395977487
 0.8726553504772262
 0.68341702344919764
 0.8145048720572472
 0.36446946301153188
 0.25999219150427161
 0.13308752251695061
 0.98811527174383862
 0.998029334064921
 0.95278949494699328
 0.49555815565790068
 0.10053961276706617
 0.71988429854015024
 0.023416769923897452
 0.93041812941324742
 0.14965683031895999
 0.25305250239893146
 0.91382392868944995
 0.43967155432311195
 0.12555905216671553
 0.39299907182821808
 0.0093611435879077838
 0.9549602388560785
 0.21634499298497328
 0.22394260052197329
 0.63708296157058919
 0.024288419725736966
 0.57562161446463955
 0.05065958773596084
 0.12112248454994194
 0.75422607896947569
 0.58265860983458651
 0.50468683548440241
 0.66006419630527324
 0.028661330501589411
 0.20004943932027502
 0.58184888404483859
 0.6381771760405931
 0.21236423613366223
 0.072099681411057423
 0.60211798399543004
 0.61333342008477265
 0.82275314000425281
 0.89766209344082371
 0.80264043286560016
 0.88354483380238902
 0.15521622081836611
 0.50090276174939707
 0.69248467949681491
 0.96363411411036459
 0.45830425470877284
 0.23782528649329221
 0.68417515137518436
 0.25511622775032
 0.26215164169809985
 0.87340290008750221
 0.55252335164557009
 0.37051649766325928
 0.068673704015826662
 0.15436539297047408
 0.49414922363473818
 0.099435620600857907
 0.48881816183487431
 0.021924153988482176
 0.15680569474620759
 0.97918563923512492
 0.61458582913855586
 0.28962579054978249
 0.50723216189525311
 0.56506518580556453
 0.223516075475159
 0.9610874218090053
 0.46194452500851318
 0.35731484006642017
 0.41466895414503363
 0.50201693306597783
 0.40232078886114236
 0.43308657269699774
 0.1681028848388319
 0.21631880931029607
 0.2874141119117995
 0.93196768524323725
 0.74637882383562992
 0.035725214463070573
 0.31991691260901772
 0.57703416540371955
 0.79857887905920166
 0.36070169395095858
 0.75821107316517566
 0.66182461357805422
 0.55359258743013529
 0.36188904541979766
 0.83270163373045547
 0.42961406739901303
 0.2408784980194027
 0.50767715238986411
 0.35554398439940732
 0.064761580141820582
 0.044067030162693241
 0.0019144070975116057
 0.43829824752069452
 0.64188851655316403
 0.92418391619158979
 0.62537397123125882
 0.91586935825330307
 0.097484276885355589
 0.018057481148215971
 0.436779028367489
 0.08416974349928201
 0.38237062814579165
 0.94956037383357728
 0.73235608656118056
 0.7805142807283324
 0.090212109228390777
 0.12158615992808201
 0.28647667703403784
 0.63041333730694227
 0.24016511355146669
 0.48156921546255299
 0.89943995573696855
 0.19487303930166827
 0.26593311075590215
 0.92241998668294611
 0.25027825226834349
 0.075875818235364309
 0.7613581713078541
 0.7454119524255709
 0.55173452113259491
 0.98421154171336389
 0.50119522605237465
 0.21989948586853875
 0.93722458714356116
 0.43552925287951899
 0.31117575331611053
 0.68870777004817174
 0.4784914251911318
 0.58784389499195178
 0.83706859016173885
 0.64313326337685761
 0.98405166225155383
 0.72764782863076105
 0.91242000494023168
 0.39452245113534418
 0.17113183654333347
 0.10118881345754875
 0.15368211409177729
 0.55787566074126094
 0.2390037167081886
 0.8027651938696011
 0.24724362182160825
 0.092348199219432978
 0.89156349632880905
 0.8336959912429821
 0.61671549447349527
 0.18630567054133601
 0.36215392351759518
 0.62201499495475809
 0.64146625464862217
 0.80584080157196614
 0.37849946647403193
 0.97779545335778117
 0.98339594640943351
 0.40309467039742958
 0.2570570280459093
 0.16458799191074874
 0.12259990508125067
 0.38303292108084358
 0.19441473381129842
 0.33960683296228517
 0.65152592603669912
 0.74038522287650599
 0.90161222654667972
 0.9968556996331519
 0.43772631652977173
 0.18297810805628284
 0.54473895361189473
 0.22765932703229569
 0.97207516326980958
 0.12299250045892489
 0.56797126176441637
 0.687849042266657
 0.28418472231051112
 0.48751896297280245
 0.67555297023151495
 0.93137263605102338
 0.35073695720262238
 0.37094940308773711
 0.38217201725653732
 0.65674556368820158
 0.46398128687076962
 0.81712663865000756
 0.74169823463049511
 0.36783780941087824
 0.94008576894681228
 0.14058818554340752
 0.19516005547560028
 0.69419454990183549
 0.46378271525910503
 0.25096781009280361
 0.45012057723541415
 0.25380751060885148
 0.4967753522832668
 0.11627695613923821
 0.83763797012721641
 0.28685725261276357
 0.96091407735085432
 0.36277428922035065
 0.23244238319718818
 0.17013413949667339
 0.54128677455557606
 0.66039927061835324
 0.83729464116286123
 0.023456847090867306
 0.079393612863004767
 0.73705716170020585
 0.54001861276833407
 0.41440114724847804
 0.33761244327406043
 0.96914551213701172
 0.17583034669591119
 0.93132752151795362
 0.75869767254113252
 0.97626436495458246
 0.19535629560079032
 0.15887892459958103
 0.59663417399449625
 0.53843111125914112
 0.19943096305943303
 0.84590902248469058
 0.57155408248397421
 0.87808348252177792
 0.60407939047067838
 0.8651437470246981
 0.73083403115759948
 0.51759173635618816
 0.19609923120035805
 0.90021873635130123
 0.31519818276479222
 0.33352620067318167
 0.099019402348946614
 0.43398557612590866
 0.82524143375816716
 0.26267025401809624
 0.85108957505730032
 0.0047355411081781316
 0.3005239100202059
 0.1820219767993862
 0.59605444251057527
 0.32013458945118728
 0.94943490755038384
 0.7450216219091168
 0.41777387829469187
 0.086171347327706524
 0.20620177292336356
 0.11499824741104862
 0.63906292925380848
 0.48735856394269145
 0.61508924249082997
 0.20752604683126313
 0.71641451241741172
 0.30648256997929729
 0.0035172899982371273
 0.18791815708584597
 0.58144552966674301
 0.29021288398040462
 0.15404271629291683
 0.63923286399409207
 0.049077490912723662
 0.32670245132358949
 0.92801680736754844
 0.34668323058824541
 0.42880543798611642
 0.82006610318478512
 0.9291221552919654
 0.35346589491873787
 0.093274862072840678
 0.31938772425739798
 0.67920490861376348
 0.24440604397596816
 0.89300513737432063
 0.53909433320274736
 0.0049356274923570307
 0.60075761341780354
 0.084735805009969398
 0.10769784595829872
 0.958364371060071
 0.25903561922240342
 0.62110031662037313
 0.1221764295048066
 0.78415891143852423
 0.76233436414802835
 0.043821608897513672
 0.011847951230402099
 0.60348336986100604
 0.60104699739368861
 0.54120488796898436
 0.62802052066204683
 0.99850233743605243
 0.78843833134344532
 0.74654162886404307
 0.76940572596798951
 0.65864634809596512
 0.68268996243975677
 0.80828417872161107
 0.83962202110246198
 0.66944981088844124
 0.98347548757842362
 0.10310368775756822
 0.69761656585757736
 0.59617476935244151
 0.28718797273991598
 0.97144361663038392
 0.30803008930294967
 0.31139537140990586
 0.68079371773547959
 0.67333737217869905
 0.9501575814472788
 0.56162263614029573
 0.63893966646332423
 0.16994288448215084
 0.86244892438333909
 0.05325076102426822
 0.50464874284367733
 0.69863366753261724
 0.8368513091435259
 0.34447020058607097
 0.73416646496725524
 0.25417667815075912
 0.22484658603219615
 0.74137696489038896
 0.16138462085677657
 0.44198114311810272
 0.93611155483629993
 0.87924223015626979
 0.8632619306690299
 0.97098978809789094
 0.9697417847231502
 0.30739834567563912
 0.078062657633135621
 0.67374608406179681
 0.8669987477148029
 0.37201600619636938
 0.59903781440063508
 0.28305810455784836
 0.12357312257537405
 0.76238519298715202
 0.89064334490908947
 0.21539107896223403
 0.091165871660375417
 0.50779600213568787
 0.45278390945335939
 0.48687650220559525
 0.62545137315041366
 0.82089803624034463
 0.84467513876209521
 0.53644819391915133
 0.81249453146348827
 0.60265998335014337
 0.72695491975320337
 0.66514935132739694
 0.25783250178593448
 0.38878973119026256
 0.4112716102294473
 0.18719842593522179
 0.94284342801389198
 0.87890279978483321
 0.50703072637384317
 0.82525512327644135
 0.74792291437490743
 0.91936970351748815
 0.18900113094145671
 0.23076500532527749
 0.72558072588757183
 0.26233171616469347
 0.55559791037702178
 0.99457367811191533
 0.86052801683383962
 0.061609571463136434
 0.037840930788113389
 0.5654290832980795
 0.70126516083829615
 0.51923166946409438
 0.58728828220349549
 0.64553632024421237
 0.80434680842559514
 0.12983527523796207
 0.38968758844988943
 0.36339047596435409
 0.20769095024241407
 0.19228250914821249
 0.75273252844713101
 0.68976153908721061
 0.86454281529251154
 0.98698255616554931
 0.14160481223230253
 0.82157616543929957
 0.35576982470277813
 0.014925165168701838
 0.3344805932455987
 0.1449152371436831
 0.55498698367375654
 0.20070995955101706
 0.49267737000517015
 0.79936842766888894
 0.79163232469013078
 0.65469874188820987
 0.7525731949447344
 0.82737509002954401
 0.30457293106256073
 0.42533201120946201
 0.68352165644053542
 0.72875602298268827
 0.64747156419814256
 0.84603685644780136
 0.58484869982742638
 0.19290882748097976
 0.093773508395456437
 0.22573128628398681
 0.27111377118343266
 0.63145549905064213
 0.46496837313823353
 0.72529926021483326
 0.44544279381567226
 0.73113419835446281
 0.86358663638712951
 0.049311706766818439
 0.24895926989105338
 0.040002154707607748
 0.18705144281118297
 0.35533659850788119
 0.58258233347837129
 0.65040295917805924
 0.85816271977982295
 0.46197391395068582
 0.71126228335832142
 0.04477853233822475
 0.19588730846092645
 0.89539568576280115
 0.62200286041444552
 0.076498116462707474
 0.19619064862021168
 0.89788281930548164
 0.36255072545168104
 0.8829181107180728
 0.16819976997025071
 0.76831080928991535
 0.050893705189239455
 0.81530832944626253
 0.32504599616111557
 0.41747644240809495
 0.69955357565112675
 0.40686625484015898
 0.25097333059305132
 0.37417445562520096
 0.30880924430944451
 0.62522034438556084
 0.77394841616070065
 0.97740874368200337
 0.38204197021757852
 0.24450315161856256
 0.94107768203021469
 0.4927460653644507
 0.69213831022616967
 0.10802227343676722
 0.65182281185179369
 0.98045410448062298
 0.13000871014137999
 0.50396106177315203
 0.98146799574759247
 0.19236005914724558
 0.72962336788997761
 0.74377819583086546
 0.10163402489889876
 0.91423713068463097
 0.99420492593983834
 0.31108615527036881
 0.86777045507328676
 0.38678574401901539
 0.56752563516569099
 0.32756338602664642
 0.96948403559120622
 0.58948094381668625
 0.88275823058334779
 0.037625771275846473
 0.48339863163974178
 0.89422535804117487
 0.24030412272705642
 0.14291606277791108
 0.81344593947025201
 0.1573565783661906
 0.87134877197014848
 0.42034187684350782
 0.56499096023813045
 0.43081187561804929
 0.62132949068544785
 0.71853467390334014
 0.64221753925523462
 0.58194234260969946
 0.69351528419393083
 0.53341703943492091
 0.85946993474661315
 0.7977215691785785
 0.10492549891038298
 0.49973455577705611
 0.085242536814656142
 0.65793995226368662
 0.71226248103220124
 0.059535896845094013
 0.62984461637214173
 0.4029397589626687
 0.32192376369297276
 0.36856603780732083
 0.73080870328138325
 0.18112110821201638
 0.058171884832719109
 0.036136700904467786
 0.19541961491760301
 0.80062218442008903
 0.21109748035493753
 0.382852925445825
 0.6039772054161564
 0.47358989413032876
 0.8449444615195163
 0.21769117675699506
 0.073010427451478718
 0.88995952252250099
 0.40096269867302597
 0.55170528810195796
 0.51211220725927542
 0.69273960755149921
 0.67537544118304227
 0.066961814745996981
 0.602097381211256
 0.6652251536488426
 0.27813872308223558
 0.97083876052915663
 0.45037204987588847
 0.51788531003206772
 0.42213877965088303
 0.66809903980011498
 0.078049563544736064
 0.15988306286493165
 0.73604812566022959
 0.77512601969486183
 0.011715140375933731
 0.083381683420437433
 0.04886135197348733
 0.79888639148547635
 0.10353853223097491
 0.8336501058120962
 0.41426750372825766
 0.4641020882506473
 0.36244487959362887
 0.20407615470083768
 0.83882920380191406
 0.10032557032657978
 0.15107412018655414
 0.033396414047975373
 0.76760724913679224
 0.40014927874984324
 0.97863965939142727
 0.071673280167990502
 0.49862084358701059
 0.53028436786196176
 0.30885544414315796
 0.32683137636015652
 0.78775009537481533
 0.3012544139312377
 0.35251010320319071
 0.44789044556542806
 0.4228304250381188
 0.40408875723120014
 0.34567626101007581
 0.66498890888208784
 0.92447822977300687
 0.23558791692330011
 0.52086339285654126
 0.36227120113162453
 0.74204010687561384
 0.45097918295228073
 0.50758830926353316
 0.69221108668510833
 0.11744522046106558
 0.45874327661297837
 0.11063799082994034
 0.97730717838041048
 0.55807106730283662
 0.38596864834898986
 0.33284847568172921
 0.15148847690997963
 0.23282653389398805
 0.089786471395498044
 0.0087505399350851672
 0.50227177177638782
 0.99442378164699219
 0.55526371510117423
 0.84837571657521205
 0.75137071300932878
 0.64048605955921434
 0.42775406349876882
 0.0031221495196336766
 0.032957611395313544
 0.77179304304118657
 0.28477884409244175
 0.74813920758701657
 0.50959955653130606
 0.6463691778538897
 0.54841626224467199
 0.13640971274184094
 0.32440281714820546
 0.96894476877945912
 0.030664440407163807
 0.25258297039617067
 0.10727472178668855
 0.10138192975397291
 0.98153549074273327
 0.9112314085928015
 0.28352655659264675
 0.16164590982391475
 0.19217991035645904
 0.26552757213926609
 0.86224600365937631
 0.65985274691944595
 0.39732496440887349
 0.830842467659898
 0.91115523651732899
 0.62538322624930798
 0.98580624737979028
 0.25262084895659737
 0.13869487629970784
 0.17963938290881826
 0.43211179232638258
 0.74342903633979163
 0.927312264657429
 0.11765380132981444
 0.82941503665692085
 0.59261850604615784
 0.38032551068937787
 0.74650527080392515
 0.71843561892093255
 0.91264447245111247
 0.4570893597472892
 0.5247025763858244
 0.54816454704700712
 0.37833861058112345
 0.23441902176553658
 0.20983441804127773
 0.36003724613544025
 0.58550717186933154
 0.77448290517717677
 0.78226797020666394
 0.73769924650213192
 0.76281711999933599
 0.021174210454170939
 0.057544768813585542
 0.82077696692386237
 0.27419652881248174
 0.28837508586124311
 0.83818963686600378
 0.45461165841908496
 0.047529025847448489
 0.33264610943957834
 0.81550508688309198
 0.17817294731691696
 0.51013833548049381
 0.83454411759849256
 0.96054907848764914
 0.21470154772690303
 0.67603090171870328
 0.62734830282242171
 0.60104681785230696
 0.56659130442940486
 0.64327549682576723
 0.74400986734981822
 0.7143642927796563
 0.9959085147420299
 0.82680554136578799
 0.74613503209130694
 0.76839939903091781
 0.0062105293264240078
 0.5222708855992404
 0.42098834855948525
 0.27765038689115834
 0.49370011062743974
 0.95606399461316993
 0.80034945216851272
 0.71399323529757419
 0.81006211000149031
 0.60283823128592584
 0.50845234085703861
 0.44019311477976281
 0.43663908409064706
 0.0078732529569350181
 0.15136356719491978
 0.87304997974522613
 0.15917041902224321
 0.81868512726229525
 0.056629696717380093
 0.63746454483056625
 0.3224708124075984
 0.54293086421354741
 0.30400330193925668
 0.42702823912545945
 0.40080213823065985
 0.48590836923967956
 0.88515740827969913
 0.17793636341566593
 0.49395651668658153
 0.16728847210766967
 0.6317797675314355
 0.95603611095668906
 0.44563465544678299
 0.14881308958529355
 0.34922544550066709
 0.69420958491898022
 0.18569387335512405
 0.7391039653303042
 0.88720522430813098
 0.76825617689331782
 0.35192359333366313
 0.5760548045040762
 0.15793441977878248
 0.53016277307498461
 0.48105958562642387
 0.034467985190855185
 0.88907908079242426
 0.44922374085727129
 0.016732907854943458
 0.33645624173015359
 0.77400393812445534
 0.03412084881916537
 0.92537702449524317
 0.51730818062733408
 0.43189199214502122
 0.9272983717140808
 0.78468339467517878
 0.72009574300659829
 0.024605961064166505
 0.025095512290100586
 0.65613386723849043
 0.8895816273407775
 0.53035298850694068
 0.19490373671424771
 0.33718932241664962
 0.49506317704625308
 0.52440866138961317
 0.5684940182929189
 0.38588476427400581
 0.65594568034764167
 0.14363318969543298
 0.70163295023360528
 0.38691784201127227
 0.26412713732580068
 0.70990167784113367
 0.29705047790604283
 0.76668386153403489
 0.77925049096006949
 0.73681215801322963
 0.94278789414710906
 0.73700587518176697
 0.48638995416948511
 0.53411413479435133
 0.21213795277753017
 0.671527199363122
 0.79533746403829364
 0.62355672594186329
 0.54764290228282708
 0.061263803666749925
 0.26369032149656296
 0.41172640230429031
 0.20797357851807091
 0.52239554843562419
 0.42419471118628033
 0.2360407335040981
 0.48624448618835642
 0.29554933691957891
 0.83416109579662656
 0.62650912512292312
 0.82006090054814829
 0.38651175231698792
 0.57194362903463303
 0.83576125389802647
 0.71248778363567289
 0.30038272551326067
 0.76040547818468518
 0.5997296259577215
 0.49526854586851959
 0.27758451818545454
 0.10763291046835192
 0.040792009715815467
 0.94223349830228897
 0.28298936532319402
 0.68171818786562122
 0.14698758321813382
 0.86299895100895219
 0.3682468078138213
 0.65884985281512309
 0.85216215646479787
 0.15726188961191306
 0.2291964388552637
 0.42928916305765213
 0.87225350840859839
 0.19711866692500329
 0.63940011588370727
 0.038040477320182606
 0.7773292364783253
 0.29869968126365459
 0.2820471315267577
 0.95001288408230244
 0.25299867828037187
 0.92818879603377724
 0.45099743834128597
 0.22628648119575662
 0.5190568279599459
 0.98689742425824833
 0.67154364498786778
 0.54409457115918647
 0.04016832776144201
 0.14181430452902605
 0.79281205299141322
 0.36803558575224177
 0.61213402312621101
 0.13382700630406924
 0.96285362725260948
 0.72402874472778311
 0.67150475365940998
 0.1527828198317856
 0.12800237426589095
 0.81448525465513488
 0.51990305027894324
 0.85544897093504035
 0.67623381120401194
 0.36768411207999446
 0.56097894514798385
 0.58431201282177136
 0.5860190691610585
 0.80655542246600365
 0.29868477893845963
 0.32801726748178778
 0.42789111340286917
 0.84759211297875536
 0.076508572919178161
 0.11059998336939163
 0.8140547637881379
 0.25305423333876648
 0.43744249304354138
 0.9517576510866903
 0.86179213036767588
 0.67516578435778141
 0.066171485284855433
 0.44209213198136815
 0.090319607056445192
 0.065342819717516917
 0.23378360654659486
 0.67947742103101483
 0.54536365495203676
 0.71614901510997697
 0.15143434164584263
 0.55149669072599627
 0.62581970547184451
 0.73991248926216813
 0.29929626026855843
 0.87063324076653681
 0.39220072800205669
 0.29786342575106822
 0.61259043028036642
 0.10869355264537099
 0.023406119224778133
 0.50940318825645525
 0.67408429251983615
 0.25938731801476428
 0.10178397782938413
 0.7692185007664426
 0.96556369924474117
 0.76430697714536144
 0.26046565860852949
 0.5637728386186136
 0.85273539091675077
 0.53632560847851873
 0.8478103284453099
 0.093271803644651416
 0.23557824813797995
 0.66938925858160481
 0.83960662473809433
 0.64607104908997437
 0.14404912228941841
 0.75394268220548299
 0.77240353702438369
 0.67142749271631952
 0.21413653016948858
 0.6804408253794636
 0.10018068737325796
 0.46982879625010138
 0.93288976288355252
 0.42176809890400996
 0.18291951944116308
 0.30847896294402494
 0.48139110207346963
 0.69971185866475505
 0.26624053424922728
 0.90789778383188369
 0.4815939441282146
 0.44377224289595602
 0.387842867105543
 0.57403381629531247
 0.22967417708163657
 0.66966463524077124
 0.49192295912870371
 0.82103147816536026
 0.85021072440314771
 0.37061242305804237
 0.196007930824527
 0.82076434845777535
 0.81949365179382749
 0.27287993409816952
 0.54489145447219756
 0.60877012773752204
 0.59536753512212381
 0.1193169596623153
 0.7722804096295024
 0.8213288914723712
 0.29889369663500193
 0.26451434259824652
 0.74924687280419278
 0.077592646746076063
 0.80857209262431906
 0.82976822549678608
 0.98468068244543427
 0.27672955540482175
 0.29260489547848129
 0.32270003803642816
 0.90060365857769542
 0.31385794400951023
 0.97273741538373537
 0.048882570978690684
 0.6678327968254163
 0.52377651662575198
 0.72927558008404514
 0.0039660388107692233
 0.90771250407350157
 0.05615488131960604
 0.2515446617976565
 0.97499537484514565
 0.85338415044897997
 0.34014415203217069
 0.6451761014965105
 0.15639953140997603
 0.61670673575030455
 0.40881672418338372
 0.41794739686674881
 0.55331697040297867
 0.62632198592312593
 0.24302282211511211
 0.95347634983157203
 0.15281923628296296
 0.52920631866393009
 0.79067273352563838
 0.36111117776249407
 0.3537883716072418
 0.70305110935086745
 0.46905314520774682
 0.70688001222618779
 0.6799960632450357
 0.14072331244821396
 0.61423073765789482
 0.30399511139888907
 0.44558091354499957
 0.49426139311091094
 0.49948017814563356
 0.75669213783587652
 0.64273954600705396
 0.63190382479591845
 0.84887478672379657
 0.52419561733423292
 0.46513998703441667
 0.79308217965539118
 0.0039318372780108744
 0.63816539501018765
 0.9358914816678281
 0.52482386466897935
 0.66861255263203245
 0.12153851347349924
 0.68604614755019455
 0.48784033168068192
 0.22237687564707259
 0.042929737306895463
 0.034553803621910226
 0.17756334612783092
 0.74810205249571526
 0.23334628786208939
 0.49578412046766335
 0.75823293635579125
 0.036573563134428319
 0.75416951144754818
 0.79674606203055454
 0.529734013079312
 0.28420080270317655
 0.39989826387606636
 0.76568515458676478
 0.67505323258021499
 0.14589364574204572
 0.7893651456771863
 0.55970854371705425
 0.93971365461676903
 0.95967795512700083
 0.95092352042137651
 0.84498899582484255
 0.34892564049960645
 0.93145396522527324
 0.63420483384480775
 0.85109896268190954
 0.72094223684842162
 0.90532914694663436
 0.22072147050337304
 0.47089892170521669
 0.24528475716218084
 0.2742683824400543
 0.54867551648534274
 0.13533581711703774
 0.46509995120898978
 0.37562061251265483
 0.71325058191771018
 0.51973450985352032
 0.91332305087838106
 0.71951611171459096
 0.89916428749509858
 0.63161801314321564
 0.70395724859134678
 0.27653767333143625
 0.58668253597472919
 0.26732183857348907
 0.17753679875569589
 0.30859018562372026
 0.62977872969431614
 0.77128860691232404
 0.61701401940437661
 0.89079755032906005
 0.82336285589127156
 0.65287213058285554
 0.94131802048555657
 0.81585419391757652
 0.51889631097394784
 0.097444888320016451
 0.84889029996699217
 0.81199792878021837
 0.84593883782221069
 0.097358451305148683
 0.899458661705266
 0.61271905507979785
 0.28114015636821171
 0.36252261406753555
 0.23585480631636752
 0.40080296311181357
 0.056161634699569071
 0.51249502935042435
 0.15592614866950155
 0.76242057587414569
 0.89721892280963766
 0.79963806281499528
 0.15864861888363274
 0.63703075848124668
 0.53052949086106382
 0.34705231525185892
 0.19174136497157163
 0.93610459120526768
 0.048857752105293348
 0.060417028955171356
 0.1128982173399448
 0.64156202292204989
 0.65431972520967885
 0.45967991769733402
 0.96403202536246457
 0.30098102275283461
 0.45489830919197843
 0.83977820204920073
 0.3237911491493542
 0.45933843797219936
 0.53950632137831867
 0.71501646515509776
 0.62968692500604373
 0.072672230610957553
 0.060683750926744648
 0.87976147765982904
 0.80650126371082853
 0.60653284719971801
 0.80270041686094951
 0.057827242608989568
 0.015379826686965182
 0.10548976074382525
 0.35734758412327378
 0.038863295014347751
 0.64073760769013721
 0.53061476979736799
 0.98988361071746367
 0.58014854665590909
 0.51762131165988345
 0.013628667113547533
 0.34397382899627321
 0.59527448311277398
 0.68159111494313185
 0.89490327944056991
 0.21014648364186234
 0.77758591319672477
 0.15051286480117526
 0.06430429287689092
 0.91006315854886666
 0.40272295728954804
 0.32562177616403304
 0.35674120341762666
 0.30967808100396282
 0.89662088768147363
 0.46900905523226527
 0.38855456252786374
 0.56758199371864615
 0.54436528669343309
 0.80877988645990506
 0.95618639210193068
 0.9954305738542284
 0.34197686672417399
 0.075899140069924306
 0.76758336077315992
 0.83231137371945108
 0.20968801524294739
 0.37202747066304592
 0.059059102397618399
 0.37391967848269619
 0.97034929783636048
 0.26459566633220416
 0.50121663540485473
 0.31646243573443017
 0.36174197650730794
 0.087091039228060649
 0.95312625119005956
 0.40461278354672442
 0.53064463703451215
 0.73797334369676726
 0.78504243484046898
 0.11347840772795097
 0.59002665159612888
 0.38976197575313293
 0.57133457415655342
 0.1944035315730997
 0.4303715417464366
 0.63977173998287795
 0.48675799501171541
 0.7747140312592472
 0.54583024731244001
 0.12650361834989204
 0.9129560621056324
 0.33456024865481787
 0.53141871159268694
 0.6341913213549063
 0.78197660101251987
 0.19506928708458854
 0.31031328257476004
 0.040655841511086518
 0.75510172492340089
 0.077043938982639212
 0.51641089155306952
 0.59089626950266294
 0.47530596093875305
 0.30607389413953751
 0.74682552404300306
 0.91852000491674912
 0.73103759517739908
 0.15279405448347499
 0.80500757116802979
 0.38668518457830253
 0.63882657963753553
 0.061994670964107643
 0.12808983769434062
 0.90163733211564412
 0.81947407237430692
 0.80662826779183161
 0.072316575059965069
 0.036242648896408533
 0.46623635694339166
 0.56828756165197369
 0.39548346504236692
 0.10693928310308258
 0.64338576261054625
 0.16711071556953822
 0.87505373737478531
 0.97892528540387891
 0.8775119826414044
 0.62677920517358299
 0.20206017277312011
 0.93959716364452495
 0.18614077826246805
 0.3971401939236941
 0.01716846042227076
 0.51675262312242132
 0.81285623479785918
 0.23381649522436948
 0.3356733667820711
 0.32640783550022873
 0.6015531638362388
 0.34487653150040593
 0.84975431970445137
 0.26985789526004283
 0.96975425767373202
 0.10145526530795916
 0.62192383115268601
 0.32182275107982189
 0.66782991611928144
 0.52313187956790264
 0.067618673088456857
 0.19857401736364194
 0.47121563712288322
 0.44578410848427868
 0.83499681065301989
 0.48945307396916177
 0.85310938114429724
 0.52567008365415313
 0.0046349487847030966
 0.92247849180291597
 0.15542548105103077
 0.073741977769428854
 0.51004662676375134
 0.94788905522722489
 0.095710821315983671
 0.95191176315417192
 0.7190155139922586
 0.15680864114859211
 0.79024359823790602
 0.39622629129655579
 0.77605623643882038
 0.92511357603987332
 0.81993150207593102
 0.42359880373512154
 0.81979790460394031
 0.20260985965915529
 0.29617402879894333
 0.563431486609833
 0.40670479989267744
 0.015685993429953294
 0.038686067068179494
 0.1613526975985719
 0.75755829289411303
 0.95538255033684816
 0.86477425213763315
 0.55935672000901981
 0.3486145902076932
 0.98256167908192116
 0.94926358355323237
 0.91421442838758549
 0.018300312434396827
 0.54274015288246813
 0.0065827636720396264
 0.99463435241546105
 0.3490844849113906
 0.6435831946861883
 0.9991573933640836
 0.86311128372752421
 0.21950651492366263
 0.2348818812335845
 0.040807752999245037
 0.15596930176425589
 0.98669590337442004
 0.71916991290234566
 0.36271064965414707
 0.2672828886642456
 0.70141925992103715
 0.36938014530766411
 0.096239191339500804
 0.75216361317322666
 0.050944823606589293
 0.68140754485843935
 0.77793562022010643
 0.40969857881715249
 0.44842388331571209
 0.57681608131472739
 0.39696371292855964
 0.005181439086433026
 0.83395481900865798
 0.87091119506781034
 0.042105492234375583
 0.35405491080688573
 0.52632550193877303
 0.013094139099788894
 0.59393760881401425
 0.39542531704409195
 0.8968923256257082
 0.57148416908513733
 0.88995325595494856
 0.86074642057737039
 0.16478450950901352
 0.21264708409409844
 0.66479411834183422
 0.33968090095527409
 0.80550728346178291
 0.91151474752722439
 0.64719381475574189
 0.45075988214067203
 0.93614282129487536
 0.8955349659508357
 0.52136469104928418
 0.94657656268318258
 0.62628455677710149
 0.47859913364221623
 0.74304923483003749
 0.46975161010324401
 0.93286904975915719
 0.92395666310896829
 0.92156591388498299
 0.30942503311365727
 0.49884095618323582
 0.070458350405605927
 0.51151600682697573
 0.49353390048934315
 0.10242296647640563
 0.74435953616715345
 0.64017318845230964
 0.83616483573888178
 0.29748196931969689
 0.96860864822287285
 0.11253518081506923
 0.92571432292977052
 0.93577570914029995
 0.55541710619375562
 0.23152058612473353
 0.26148617364958876
 0.78564241245070765
 0.9884863935674556
 0.1946868174853939
 0.90540758092903395
 0.32300665749755025
 0.7454060785933122
 0.90787771348660118
 0.85502631261324946
 0.81281357226534379
 0.77207662369994423
 0.68977950662384824
 0.21799684938260205
 0.15750067191080347
 0.92400627213226583
 0.33728696022212162
 0.83431714820483294
 0.91861662612687744
 0.2734593207696569
 0.83486410612370587
 0.90549586199015919
 0.22477232198704439
 0.20822928110760291
 0.35649803044773015
 0.73664942118258259
 0.094238763929124711
 0.47944007069995437
 0.38138001064235566
 0.34586469441324247
 0.18743184770801175
 0.74072115213190326
 0.72601451161526875
 0.23201328847432828
 0.016711476347148358
 0.15721234838086878
 0.42987760292422522
 0.80575875045265022
 0.31697649035575254
 0.83726633505933723
 0.99421643612303312
 0.81172473197035167
 0.83178449918990305
 0.80518697673029616
 0.54171559218472565
 0.61639630231242248
 0.87441769523818136
 0.99513064891748837
 0.18002040551871595
 0.3439741167170865
 0.43273096156021756
 0.080003979000916423
 0.67904925376524528
 0.24905589250715116
 0.53927900081255109
 0.33613543155459441
 0.26198524999100919
 0.72864377404843406
 0.86495375550947495
 0.97386454034601821
 0.12490739486521567
 0.57107912745575351
 0.96356695618767241
 0.19135982499297327
 0.1622886878569943
 0.5471787722400584
 0.12874293177340718
 0.53910195860678012
 0.40387813580611948
 0.13128662470342195
 0.69319217883019657
 0.38425038469206768
 0.33751571500955896
 0.86377418334637124
 0.22370141733531251
 0.50619472221496209
 0.72139147576964913
 0.99029484520664801
 0.84527925144719884
 0.027996488183027513
 0.036634722123029026
 0.90385990158667751
 0.70125972910965628
 0.5023998071271506
 0.23215746120427422
 0.11654416161365248
 0.83816696237701771
 0.43265749842079343
 0.61143118247011385
 0.99916453771175762
 0.33647562600441167
 0.13645393143733159
 0.62638173101267236
 0.64607341125814211
 0.22932364403324729
 0.89031648367088445
 0.63323947675321002
 0.9057663098642178
 0.38776781911150998
 0.68002776992869962
 0.90854772638287662
 0.60654911231002673
 0.93934203427198959
 0.690751734751617
 0.1545490207142089
 0.15650184558592789
 0.61031682104710083
 0.86626069774566772
 0.13930344315101967
 0.21692174590645036
 0.10334742007372426
 0.54835864686779157
 0.32536916909303176
 0.50327964805544589
 0.21538229296955697
 0.83276048849724971
 0.88511641300863275
 0.2713422422362009
 0.80614312705930335
 0.67481275831552145
 0.7886127846509059
 0.43970697599357217
 0.16068298685537657
 0.78756301178962385
 0.83515933889339289
 0.90194264567849536
 0.15264998770137478
 0.87002300180831604
 0.74194397842816073
 0.47903298481017226
 0.50796947690602234
 0.39541674969135771
 0.94200101230406741
 0.46843011330721013
 0.031898342797756316
 0.073807779111226088
 0.92325012300764253
 0.62083066659217234
 0.4061153983264722
 0.030335435117767973
 0.73989311590317552
 0.33803374123369884
 0.34673221737880383
 0.69707940362642629
 0.25477428778307237
 0.89230819691508456
 0.082334871507185034
 0.65828428069844391
 0.60959012742065644
 0.35352461330156043
 0.89001431920006768
 0.4873771198804881
 0.29259813219852177
 0.13754897064416
 0.94846005336161743
 0.75054575125150202
 0.46900148857277552
 0.80389988818324876
 0.065658931702611431
 0.27739089077790219
 0.26161905608073871
 0.69244837639770351
 0.11550159730995406
 0.31152818072684013
 0.11418034134465231
 0.74211878889917238
 0.48898287099538135
 0.16354982598896967
 0.51905701668637361
 0.41120297862468463
 0.8866032826336796
 0.28681813913545623
 0.23108436305744334
 0.075076707919001603
 0.70237791344770018
 0.098919169839968665
 0.38184927773438909
 0.25685894108554314
 0.86516261329821109
 0.13476423037336221
 0.85595890081507131
 0.73930976166384121
 0.84519591414863349
 0.18264509680312452
 0.42223298416967286
 0.54431590174630573
 0.28676048225302758
 0.24487474986365315
 0.81035861128034326
 0.62312290587713304
 0.83842978010375346
 0.037065571003025696
 0.29356662117089233
 0.051648174442863667
 0.057168330317422675
 0.88433493742313474
 0.1920380462975359
 0.9225581052102555
 0.54298633647504757
 0.43586493640371721
 0.0096928836166961137
 0.63385545036234825
 0.036921458847170838
 0.69983795012977956
 0.50548515384344483
 0.51091971277822834
 0.29388059752787948
 0.90801654203487081
 0.73956889559073713
 0.020971485157497072
 0.53838860604097327
 0.92823373121510122
 0.98031372366530767
 0.98230587907116829
 0.30394987588733208
 0.018024217056715464
 0.19980175243643122
 0.38637855575072327
 0.61526620871596394
 0.8137083044550385
 0.7268138820501977
 0.41232633701674642
 0.58397628747735297
 0.71924983911215956
 0.98277799812820332
 0.12771795297801075
 0.7770875939527383
 0.8722765860719639
 0.17149261680022393
 0.47456805484159464
 0.59606157520733571
 0.9574691135369372
 0.23573226074472825
 0.27909479326138348
 0.48357705672466228
 0.18118140186980186
 0.7220093915741892
 0.53239298356617482
 0.67785287131241134
 0.091779140640214793
 0.43411700870173181
 0.32034724911109397
 0.75066938211053835
 0.78478048858051996
 0.23693300838030534
 0.97201368154538781
 0.42720409673971221
 0.28583726209725796
 0.32450858682325762
 0.68098660587118054
 0.35483259571494991
 0.58222705579327794
 0.51171002169963942
 0.37456295041507387
 0.24030522292149953
 0.26745427717772668
 0.64128744132501059
 0.57501412810382169
 0.2637033416365317
 0.062595786043260479
 0.010034113928555289
 0.5010261370676099
 0.66067741225171728
 0.12385958694726733
 0.26681678253529867
 0.41066450501989255
 0.35474253466674027
 0.19966138856340171
 0.74385924915702917
 0.012664863776582092
 0.34242519044605452
 0.20328676857461253
 0.62543994281581672
 0.98504624395915974
 0.50999364978571859
 0.74004491569125064
 0.59692263741216733
 0.66302872191614626
 0.39385049212305429
 0.59279427856565159
 0.92275178954550729
 0.29962515901693448
 0.1411514521977702
 0.19164977017384072
 0.85568123010975239
 0.54199092689137596
 0.98583424437081291
 0.44325038749226725
 0.54688954302152348
 0.67360552633086113
 0.03033237961738371
 0.38344048758725863
 0.59688637778070353
 0.39813073957027506
 0.023808431541622644
 0.4497635091163335
 0.89340943284633834
 0.32314370661104513
 0.39188396410219234
 0.094602686364230901
 0.0075587087354020309
 0.77670273394638878
 0.136346699811074
 0.99731995653702665
 0.46851929263741227
 0.47966916696930267
 0.26704833254018773
 0.54247304190515933
 0.61966525244169002
 0.15042103871327578
 0.20338024499514445
 0.15194436261727212
 0.026681347819963942
 0.72222030145711147
 0.030842367069226984
 0.88386862943638334
 0.38737883126025646
 0.22777138421215054
 0.96867954401389911
 0.53181180364075475
 0.42176598618858679
 0.45751176762211493
 0.42152206323220404
 0.79587691271422867
 0.77127320259151977
 0.90804600160548776
 0.47464884045506978
 0.45408187548403317
 0.75005633200478761
 0.65301238572961706
 0.67819929187698169
 0.79883189533541588
 0.23134808278719848
 0.45967931556803737
 0.7416916286858406
 0.14954897088878355
 0.64434913720126752
 0.94828140888617718
 0.14385532786603078
 0.40697445249246939
 0.43618280177927976
 0.62738183331877362
 0.5440410448930022
 0.85017118309626905
 0.37533013682941546
 0.080204861409935366
 0.51298477415173482
 0.82030207070480921
 0.49275067811999745
 0.29462068579762019
 0.33527293757970217
 0.14218736299318796
 0.9174436237263196
 0.76509335590503458
 0.2166863568312421
 0.66259950574322435
 0.35353513414004706
 0.99646232130702306
 0.080656502026190277
 0.82820150447719421
 0.18671129770654232
 0.5444809177540576
 0.58202618246261806
 0.014467728867664609
 0.41756868919430673
 0.78566053247306356
 0.11527167480508853
 0.30349952924719076
 0.68603083969327894
 0.81426709876772274
 0.69140108840395453
 0.075796460271312635
 0.33100062076162545
 0.80396574577126889
 0.71907725036111558
 0.52879376096254826
 0.05114416706406659
 0.36818652734846552
 0.67641324035911632
 0.80988361077069115
 0.082473578484932572
 0.24417411282572515
 0.049934137918212149
 0.83154998334454955
 0.70255663570751103
 0.18168667221028251
 0.1659039806478389
 0.73802129546580364
 0.33939003322986533
 0.66937283582589691
 0.65508024495478601
 0.25357707005357927
 0.70756822114215912
 0.65633257072047602
 0.5223177628192256
 0.06901577102410765
 0.37233355280162467
 0.35114882659950858
 0.42055579345705935
 0.78630392931300563
 0.26987080505631295
 0.85478112993300981
 0.5234185600206247
 0.21186094546887729
 0.71713848899760158
 0.30450163951389569
 0.18388664540253935
 0.64136252167394281
 0.46681543935806619
 0.70594023552428364
 0.89238543659669711
 0.61408746582806484
 0.29712255415629768
 0.2565813858794988
 0.17602061751334325
 0.30143003896210557
 0.80528637751929144
 0.50408018374129449
 0.9357926217578002
 0.037411597871557831
 0.6492631099858881
 0.14138782801837474
 0.23534283979705933
 0.095515120220598868
 0.4127947692305593
 0.036107412443586104
 0.80396221055629713
 0.70734822253092222
 0.83466342943934591
 0.29850852217010887
 0.87554149896501565
 0.63235607300741781
 0.31350260862306795
 0.79474082460715312
 0.46965577633971717
 0.010564078642125319
 0.51437677296531892
 0.5777633649537155
 0.60575247674189681
 0.97111402937754709
 0.24650384880930859
 0.9108417165418925
 0.99991741414822555
 0.74836932316931815
 0.57219363174382565
 0.28979969357624297
 0.75709148229142009
 0.63507369253069779
 0.78127875609697039
 0.87681332264304901
 0.47985252071712409
 0.0082952776033637272
 0.34780807385200535
 0.95028540191602406
 0.029028120794379709
 0.90728619270177158
 0.71661339204320595
 0.6289292939255231
 0.3314180145577697
 0.58756721583038773
 0.3348816351089216
 0.30231583400130296
 0.69423259287450101
 0.68654170252495184
 0.11781221875386554
 0.77258528155810602
 0.40909654828895908
 0.31235962007968948
 0.38424296955799137
 0.0031589867567128225
 0.12092772112656851
 0.58547305518609449
 0.19163038722892861
 0.081365967749146215
 0.097436652433655332
 0.014410367818443338
 0.24010919538743808
 0.5574907214979955
 0.71341054710321783
 0.90901770045218122
 0.62257606734466475
 0.80642504863996334
 0.088725626922809428
 0.22609252242131334
 0.31798757010298345
 0.82808859988364769
 0.79950390364174173
 0.62037662212884326
 0.672890439823566
 0.58418917292692929
 0.49429820305790134
 0.84322786159475027
 0.5325483248313897
 0.79571320295868786
 0.14401456447277544
 0.50471499175613743
 0.28032367060839208
 0.57142911786110506
 0.20426580633154895
 0.71862928980525131
 0.6739814492685019
 0.61321475640397094
 0.48413429514598821
 0.71150381657765327
 0.92571193659153805
 0.15527290431036261
 0.041805425998830345
 0.67922298569468864
 0.025990925481644656
 0.59853275410405493
 0.21091914550048346
 0.32133072490472475
 0.78871560458143708
 0.27989212812896008
 0.0026268597742175491
 0.74952939910712268
 0.43309582784462902
 0.54420557853503793
 0.95924705837583946
 0.45186400209549177
 0.56035202633537418
 0.64872700503877079
 0.53475778617361214
 0.53246006089739806
 0.87959989168514097
 0.73282877397885449
 0.65412008145298195
 0.91499254672498409
 0.86020222292034221
 0.99262007220131165
 0.93658984270628598
 0.27633632616702714
 0.49169048682588351
 0.48832481949238365
 0.10162731333264023
 0.47027274678792536
 0.88742508574172518
 0.10147137831947366
 0.34293655248282445
 0.81914788568476171
 0.044366531932882577
 0.0044497153735736815
 0.65519861776864141
 0.028880526928341244
 0.20353296167715057
 0.34319531925718655
 0.42869011990798916
 0.80538197258395283
 0.64607902244950866
 0.18787815312104589
 0.32150476290026547
 0.070278591697515755
 0.79269370472444234
 0.21720422031408798
 0.018155019640305015
 0.61885998221557736
 0.91454896460410628
 0.8348884973531614
 0.40763932086119187
 0.64274692899094188
 0.87733910025709583
 0.98214857340845929
 0.091731280293454828
 0.89793744234947392
 0.27897379271510031
 0.33853010872180883
 0.34377338165657539
 0.52081486138333855
 0.76699301985980972
 0.83923644231702199
 0.088582261278586968
 0.3576625749427485
 0.4162191753106152
 0.12854588035762887
 0.32023172117785886
 0.27789202913794814
 0.91465005356611395
 0.50095911018400985
 0.74931104283251082
 0.81176855205016718
 0.042493649097132755
 0.43121351980446659
 0.64252633240196977
 0.37456197444635803
 0.52584928527024477
 0.98022075011949705
 0.68962813666501255
 0.93481606741746426
 0.0042000450595538917
 0.53077672607982829
 0.86515460327925242
 0.93017264293885571
 0.52871063455508771
 0.96875308929919479
 0.50074160311425253
 0.86201400066401768
 0.019645712276446337
 0.99012725688669923
 0.22773076618405436
 0.82999944886900257
 0.80389432607301425
 0.083741109515800979
 0.18536196259904897
 0.1457569738462226
 0.39964043843362468
 0.8641244978128988
 0.38946105107091139
 0.54187584488149898
 0.88111978386819934
 0.22149904809705151
 0.75499441631151798
 0.76215674738768213
 0.20769684458820609
 0.28092855582211446
 0.69927127745084128
 0.91182569322900175
 0.67516685217807115
 0.48310633304199341
 0.6144938375811575
 0.81564915449415709
 0.7579925162408544
 0.45043679322491087
 0.32052907968507255
 0.29937978845293095
 0.92153759706180594
 0.81173478490028805
 0.396522569128753
 0.82976618184676587
 0.14843559747773444
 0.63031377027017121
 0.61464803762852527
 0.72642306422234248
 0.74260537922542214
 0.75647715517387981
 0.35548970513999317
 0.3319386464090574
 0.57243839604657509
 0.97243498333662104
 0.49522841989891436
 0.20818251080641753
 0.96491769418273343
 0.90429827531309981
 0.24430908943140744
 0.59977094999062652
 0.20650054287478908
 0.97087037179791225
 0.30733786120216394
 0.94334488286737772
 0.20079029866773462
 0.49701290243074386
 0.80866553818358211
 0.82394860898972411
 0.82421894651843008
 0.38473754818877776
 0.61753373434993397
 0.0051838495096474977
 0.28445891514639204
 0.34955787360809781
 0.18616338546867445
 0.49193440057880794
 0.35300937347679456
 0.7347396807541331
 0.75518333948977101
 0.36248724591264497
 0.30556770382752868
 0.58942235578118263
 0.14510280248272084
 0.32386124309036363
 0.75282159128213577
 0.42660935163042918
 0.82365426723367263
 0.23532268597682388
 0.80069883093507666
 0.5918795930027847
 0.98633083467656757
 0.32537943533766628
 0.3446066383137027
 0.56689791568668191
 0.42448932825857127
 0.42731352910657389
 0.22180970966124341
 0.73024630070287644
 0.61130884854731271
 0.7581729675091301
 0.65770769974881604
 0.32245651693826344
 0.14775886875576233
 0.98123679102571681
 0.44607516777116613
 0.0020876405298993371
 0.67158239744819248
 0.20674239730447957
 0.73048993247391547
 0.36138330859692464
 0.0539372967613128
 0.48884074876820288
 0.40109270200465802
 0.16902552003367793
 0.15751413753030724
 0.73780542865897214
 0.32381484332870508
 0.81615055117444391
 0.25279723114485081
 0.062324514869922118
 0.43828623351179391
 0.69026402868826975
 0.022583907101378076
 0.99210818020113811
 0.23366303539990779
 0.9228719508129074
 0.57093752819870702
 0.53171883345171544
 0.76139524465247055
 0.87530595182980009
 0.22414861169422168
 0.86266264350900723
 0.082989143677025853
 0.13097693769216961
 0.53660404847409848
 0.060752952675557845
 0.53015570261354039
 0.42528953518732454
 0.77707325495694568
 0.066778289927996656
 0.44300727493335151
 0.032352087849790087
 0.18337553304276172
 0.62962539720853705
 0.4392646192934429
 0.54614449249709118
 0.87857527962594706
 0.61925734110141994
 0.18160615657368545
 0.26144740968224139
 0.73976528944963704
 0.50244369967926883
 0.88448514277135171
 0.55591816766254254
 0.078771297900793
 0.056488437405816813
 0.089015301133849964
 0.91778604951312959
 0.63832915446048466
 0.74244417663152729
 0.023712991932725292
 0.72834801766554724
 0.7924087232584216
 0.24249814833358913
 0.75841908402422031
 0.63477638589620522
 0.8837032584019231
 0.74522253168211716
 0.16617572604887904
 0.28186456934008769
 0.25762593165081199
 0.29258674514877697
 0.16233049705335162
 0.010119506094359011
 0.77526895651224303
 0.682763915955377
 0.81585101124338222
 0.40440711300021787
 0.65512351013100534
 0.17439054942044824
 0.83500980677113867
 0.92908658069268135
 0.84283910397786932
 0.48955359528319237
 0.3167238069218497
 0.4885075746839776
 0.119166911327432
 0.2998921073729171
 0.88076279763192455
 0.32251400459888108
 0.59840246699924993
 0.15801539815915427
 0.62750208201665203
 0.68658455945199381
 0.58332599562394694
 0.4704933728157849
 0.075086698826181061
 0.21950532407677731
 0.64729314912430103
 0.77795627140968926
 0.032519175266017594
 0.58751093664054721
 0.54528165178046262
 0.018952589153602917
 0.07923058842757906
 0.63577190891309776
 0.22255827119651556
 0.50951823833521381
 0.13215017200170059
 0.6199939468949377
 0.048528059698615442
 0.1097117280209811
 0.72140883860665017
 0.28635570207932021
 0.11574810107963178
 0.86564811330830038
 0.7494845320202469
 0.48599436601037277
 0.44373864202565655
 0.12588702120677103
 0.16881526721350343
 0.19553020044789454
 0.084236846643296601
 0.36745170842139635
 0.47853647159498708
 0.66083311917676824
 0.20136345327601807
 0.53104262147296533
 0.63371383354098165
 0.29242384155829532
 0.8026327428255392
 0.78636077934389714
 0.80998791479025889
 0.67811455290412526
 0.36289287727678049
 0.67818173982717334
 0.43593127073083621
 0.3688038441404457
 0.097514260073784095
 0.89085587892198559
 0.58934271539332439
 0.54947055430155112
 0.62913046211124724
 0.15038148098053522
 0.81067021166962305
 0.38485365076163308
 0.22407799333510842
 0.61543543825733671
 0.050077619761506417
 0.076057505786891452
 0.65066706172841915
 0.5752751586900946
 0.34671631648190565
 0.3621948090250407
 0.48015976845542357
 0.35263229789781475
 0.73097962961994223
 0.33363910362651578
 0.46464341709470774
 0.40603711304456219
 0.044834339884950933
 0.34686688389920622
 0.34271205346809558
 0.083377158335040155
 0.18710787362947162
 0.095156455432791318
 0.84117822006306564
 0.19736080598185229
 0.41300113296807711
 0.95178460417293309
 0.5785396010753876
 0.043880694662490713
 0.085695795282094187
 0.19519989772687535
 0.81634816190248216
 0.52635196128243622
 0.27309390179741772
 0.75023814675285605
 0.073994753666837873
 0.26407611829121774
 0.96258143837146615
 0.35668005015307286
 0.22060755735429488
 0.15677676927173539
 0.15324884827736446
 0.16785076126904447
 0.58544090404111471
 0.78538392370830257
 0.83159637115710505
 0.35413956229111671
 0.86835423394107469
 0.90207431254129189
 0.3113893107326437
 0.6381880085166548
 0.047680116788974367
 0.59215311310214724
 0.5353132417662142
 0.94287314490411545
 0.79449919117465118
 0.22159540997195276
 0.78846197133333296
 0.59664262293074366
 0.74271941349117643
 0.47997299958909095
 0.78875928491485425
 0.22870808525582392
 0.85591979421864983
 0.8067961345432022
 0.34139046539100576
 0.32146706539019715
 0.1307854500183781
 0.58309693449880629
 0.57008767368901336
 0.014152677891454402
 0.30326757670831278
 0.36569979189679208
 0.29168345025013137
 0.35057918487258438
 0.55932825008051035
 0.66720612755672037
 0.52217799632825912
 0.49845742197792159
 0.82135327422557391
 0.35802698644874792
 0.22792245325059984
 0.074027012386447086
 0.069837190662579138
 0.085957626760183967
 0.32645866655544059
 0.094912022828113549
 0.67678853672516348
 0.62314582092320558
 0.81078769879111801
 0.39242093235605707
 0.19656694448056972
 0.94497122431880409
 0.73166037091950009
 0.27359583091708112
 0.45800501378507491
 0.11945836168476491
 0.80770680636774306
 0.88124546148528315
 0.6820274712890676
 0.92724696969208775
 0.50721150566848039
 0.053235693372450085
 0.13002826477791379
 0.50809722248044853
 0.99948310552816277
 0.058263781897426245
 0.81538689122542185
 0.50488462598377526
 0.63295821807880193
 0.24103710665953254
 0.51010447979770923
 0.82448749179604608
 0.44583491312399731
 0.75217302210403192
 0.071014165411118865
 0.73617362342668391
 0.44803575401535084
 0.48346652166472021
 0.76739578420460819
 0.65231053118755244
 0.9313054115507583
 0.98542644139669511
 0.048127705104337989
 0.97975734099817613
 0.54225784502262042
 0.14925617277212794
 0.97443365488833145
 0.30205169829547457
 0.91225882396806313
 0.90428790909325729
 0.3499024610223434
 0.87968827321472653
 0.13159623728286834
 0.57520275543827903
 0.75234950454508809
 0.83041224838166894
 0.24041921207799283
 0.9129511785172032
 0.75644394899562173
 0.68943327380145136
 0.33520450634430848
 0.064644528815167399
 0.35301969486021595
 0.0089759621245413708
 0.99851315170569532
 0.57004706558525731
 0.58192810127172878
 0.38615436181013391
 0.50295991062150902
 0.68202303939151532
 0.79667239968364489
 0.32950855781429395
 0.556964803457216
 0.67536581895551784
 0.21232454178295684
 0.0010058327329505623
 0.40317017529794325
 0.060132666604594751
 0.94122702557721072
 0.18543697156060951
 0.44504090034156268
 0.59393309555543305
 0.17782724754505824
 0.35945455240837315
 0.31250771031516528
 0.87837569513742608
 0.85925472881691922
 0.94219115176296608
 0.90015209534797613
 0.32329397698377721
 0.068343176924855184
 0.072112194302733121
 0.48555883425572482
 0.44822820140431724
 0.51476872201236523
 0.57720296748394651
 0.69007540132158529
 0.65321413586263088
 0.77882305226575077
 0.22403820235030353
 0.1622326330685932
 0.70464990426613305
 0.65266071024452277
 0.99292101593669557
 0.84021168839238336
 0.39151287285554054
 0.013131753908205358
 0.25370766087055757
 0.03003720295686323
 0.036876437334350795
 0.17277850566465019
 0.35798752538722761
 0.39849302709258033
 0.68907657047718474
 0.54386852588237988
 0.092618568917662555
 0.75224383521127725
 0.23500914648769106
 0.4233860496764828
 0.65834768663021592
 0.53780249678542569
 0.2264178225317956
 0.23876502155317952
 0.92047898274207085
 0.11737945249311037
 0.63686591837086715
 0.62198810175195451
 0.41957925179352201
 0.095325240736952185
 0.9782447820286484
 0.7790996835413464
 0.61051740955885558
 0.082700301971402143
 0.66949942079032843
 0.9064603928763123
 0.58918098104349459
 0.24128566757985842
 0.76191557183427139
 0.090570060310331699
 0.7306698103299305
 0.34728557815665989
 0.13353161720730339
 0.34175769833743758
 0.74813920816900348
 0.37925264571466649
 0.41771728087904431
 0.94685017296483354
 0.80482719193846819
 0.96543111414670124
 0.77228559749719794
 0.75228462203330893
 0.93800119724130882
 0.58329295517052793
 0.49805874627375052
 0.78476853094487919
 0.23921609050521747
 0.94570985003424035
 0.94738499717288582
 0.88590930216883568
 0.35942620017953991
 0.19875719812936915
 0.53072827891983854
 0.11160037987959952
 0.28605259767173791
 0.29833503099802311
 0.7500368051234827
 0.67796934552619026
 0.52828664092570254
 0.47680422240308812
 0.96667473263973591
 0.20694791715629984
 0.62110493903837294
 0.52969075786175024
 0.61106972766355994
 0.79478955004512708
 0.4555293844809794
 0.68133553898057309
 0.83024170439597744
 0.34190987367032538
 0.37042766373460018
 0.74149709361086102
 0.727966711532537
 0.079353835785491864
 0.84223667713691786
 0.57468462708432144
 0.60002246952208604
 0.91038552680030893
 0.51862479789238036
 0.24894795483801907
 0.1262419470583685
 0.29510607341889855
 0.17189717126121845
 0.099298227474173981
 0.96582711875762428
 0.9307152836714393
 0.96747336268672246
 0.22305302672846622
 0.59517854280769067
 0.83414641840021575
 0.25026785207040075
 0.28739466443169986
 0.10521953306181979
 0.18765949424607525
 0.68425510005456414
 0.24928508779097519
 0.3139981274287415
 0.99996684778621003
 0.75615977172495386
 0.7227755765462055
 0.28227572638566495
 0.4072270618019303
 0.44295193770085256
 0.4605473502728214
 0.97200742418564667
 0.33781730817287831
 0.99644164130142787
 0.25225061960493961
 0.52550912493481616
 0.488367051864604
 0.18920316109877405
 0.25611457504557383
 0.058981544423119356
 0.42017853165737679
 0.23707674595816647
 0.045691896496604475
 0.13111072005760133
 0.96625050773080867
 0.58260044941405476
 0.89877443585878514
 0.70472300105814045
 0.55678140938110365
 0.31050299213687832
 0.31871254737499238
 0.1559253733206421
 0.36316742521410555
 0.076059519906081327
 0.4089939486885476
 0.80581173080455526
 0.31197451668201509
 0.67897579391043372
 0.7926045924828331
 0.58789635044397381
 0.39981693911710797
 0.068678230311451524
 0.96004980651635197
 0.81884173281889938
 0.22464127657245264
 0.30306919590912701
 0.99795231841068144
 0.37943288459419716
 0.54484274488997575
 0.06389133747819091
 0.36385940676441481
 0.36337102470865973
 0.38916025868514043
 0.77074038556495805
 0.079722733230792306
 0.031501777919393278
 0.23395975970980226
 0.5116750162615461
 0.48726260610098143
 0.03182252384567201
 0.82630014929364426
 0.67325650585438834
 0.24308923664236187
 0.98929345459016449
 0.90309886336444356
 0.24869162971062658
 0.43043100654847116
 0.41938396435398567
 0.75121086335432607
 0.34129592394996128
 0.36590936726983109
 0.7571898383587452
 0.85854958229503198
 0.87205285716702685
 0.79668027026851873
 0.095947520623896373
 0.21597619715333521
 0.046980403758514908
 0.41049884053452285
 0.11231464869485867
 0.89684594638653403
 0.14535389955132677
 0.43385750384078564
 0.31138126816929806
 0.83190224052360084
 0.10071149888254276
 0.61740866530961991
 0.036892018430520299
 0.71149012462475381
 0.26952063822050903
 0.17378268602522046
 0.61424800438652594
 0.83829342164867526
 0.67427936530215693
 0.24673424477724465
 0.485513773841523
 0.30425935001712562
 0.45529658424450897
 0.48576392075248359
 0.55699328228255562
 0.10990517827264205
 0.70977479167161328
 0.97529781508691282
 0.33379493822563261
 0.44411707294147346
 0.35915515796696212
 0.018143581707383661
 0.98354417446550724
 0.17972189077040585
 0.06642826437915976
 0.098605444300944353
 0.14545476787197026
 0.046142015582733495
 0.83389085998092582
 0.76585920555103038
 0.022031089595765874
 0.6255885265493657
 0.63397256506864597
 0.38407990066910641
 0.57906461757454775
 0.56407290046909997
 0.19556011678127255
 0.91498292940707471
 0.37448201279999244
 0.21585767135327033
 0.15713403018663225
 0.37614668556555769
 0.16008750538826994
 0.98254495048744239
 0.2415169007413111
 0.8857951845411054
 0.37581769761270928
 0.42483344840421816
 0.4413896068914514
 0.080331124188384326
 0.55125929879438018
 0.59573649607709112
 0.17207905959933228
 0.16941588619319775
 0.95691463031020096
 0.46073494389799979
 0.3371014820831944
 0.72687451794505298
 0.96726609326738711
 0.52210311529294229
 0.94147075510335709
 0.56194581133325094
 0.11944847122215334
 0.89821077667966687
 0.96024926438551084
 0.99912229909640615
 0.50437243757624017
 0.53894016271668876
 0.50444769544016277
 0.24551347164606357
 0.89521030717474515
 0.67387693217816202
 0.71774148052616293
 0.3365981339640855
 0.39346777794619919
 0.32631125848181114
 0.72848076153468799
 0.79395998183142702
 0.92819238387233494
 0.39935871801172512
 0.33536104448718113
 0.66514601656924055
 0.29750068045849692
 0.092580665795702718
 0.77089052281752679
 0.39493489128686593
 0.37822296289358787
 0.74698136963834216
 0.13058755914751558
 0.67426989330611797
 0.16848950769880339
 0.44541563530986666
 0.36236068401708815
 0.37923093018992143
 0.64613793305579259
 0.037432229134949299
 0.2296144043602581
 0.16867707611881994
 0.60002868494312078
 0.23911085109338531
 0.42167123984019034
 0.19628392937649802
 0.033924129663588751
 0.17473208692959025
 0.024135398123861496
 0.05169336932199646
 0.73673853768614195
 0.78946744864906748
 0.83645744172685554
 0.91002129094515094
 0.31470419290455826
 0.82371267014056782
 0.53551052621697848
 0.077491819579396812
 0.76458338328271036
 0.26179184858929977
 0.52511448285451312
 0.65334880745280299
 0.80922577575576504
 0.0086909603748227988
 0.56482407762777598
 0.023102956592695501
 0.15731795652275299
 0.62663096496718884
 0.81141293558455696
 0.54408293957973719
 0.33161209517702567
 0.61035820639466631
 0.15869116518866749
 0.4675978166550579
 0.44026272174339581
 0.43276904527579346
 0.25737618382873956
 0.0043457482260633061
 0.051947449840529833
 0.86495858774205425
 0.055737838752715471
 0.25583639713012213
 0.82634347385031093
 0.036150141125698518
 0.74209888813763947
 0.33462808130674188
 0.39686971988557068
 0.29466224899044163
 0.95905282224315813
 0.77381380116862764
 0.59997892072380465
 0.56176184206096502
 0.48205004918841515
 0.17378357130684302
 0.99953680840060888
 0.42068549857033349
 0.61253284964856747
 0.69299229572780097
 0.11698536713497636
 0.38555070027874944
 0.71541156003108364
 0.19594440087073911
 0.086625528036988017
 0.45518073197040237
 0.68142292026340545
 0.71605759398908098
 0.90524138470524906
 0.55166965105190979
 0.88559341087291399
 0.79213657788225977
 0.8279793977413783
 0.6575891169652982
 0.12067440300399239
 0.080510925456813862
 0.17656230638017972
 0.95443505922838823
 0.28190504868009497
 0.43172278423243254
 0.88823201968796306
 0.22683939212931575
 0.44700080026331862
 0.84659741620627882
 0.49126937537999266
 0.8609601084179227
 0.98820746792203207
 0.44604114549321378
 0.24583918845112279
 0.96872316004120296
 0.337791266396612
 0.13133432625723956
 0.58833562136548734
 0.46021686318454841
 0.21534358243685675
 0.39440214708068272
 0.11817889918926809
 0.94541511074373341
 0.36588104654926096
 0.85138992371677591
 0.66441236602069198
 0.87359109672497814
 0.4319131839564419
 0.09963438907484283
 0.06568460773797262
 0.89355148490751712
 0.13473604092143315
 0.57614447823639514
 0.45188428925931795
 0.34579480940322643
 0.19070780582012675
 0.48616280650170168
 0.038732652147175514
 0.52503560666381122
 0.32439569686717268
 0.16314701806998871
 0.50826047757651538
 0.48363869139901933
 0.87083823548708117
 0.71230596868631824
 0.57693103344599117
 0.90996233454708897
 0.85869065101886444
 0.52473456606819824
 0.91278713822811186
 0.14435206968573194
 0.59365005042256391
 0.38182137276557099
 0.27583022824318465
 0.76603017773048221
 0.84128135827591144
 0.18868735372292117
 0.4413227108878009
 0.030752299488676239
 0.30992627321776806
 0.41421641785121749
 0.52764925417523401
 0.54867131934409064
 0.41119074480910028
 0.84491746537517365
 0.90126205353796685
 0.67759865453907508
 0.75168302127934472
 0.43498433844770984
 0.30267391567559004
 0.25401462720325357
 0.97036205801301423
 0.09035062788581176
 0.75864829614845586
 0.82567961374163301
 0.27469868766899391
 0.69538985490370198
 0.97960221020821503
 0.083962317228509706
 0.97669150114667103
 0.70651201033545463
 0.018385600341128839
 0.76843661360139648
 0.87908353206417644
 0.52880067621914928
 0.085202868161039988
 0.49102357907840372
 0.20823097769334359
 0.7344030660980343
 0.94770196573532739
 0.46011262414201731
 0.92011381440033757
 0.46234970036328898
 0.31109570601176201
 0.18652683143407195
 0.70019614905222904
 0.96155987722082525
 0.70051485393070301
 0.3810339510797463
 0.78665302408001514
 0.44403289045876243
 0.40296223769008882
 0.11187437866042664
 0.96584653707013268
 0.90317869728683065
 0.23587960512655565
 0.22027159060943063
 0.43867609404580959
 0.98286188559867127
 0.4220135684016853
 0.078813351275579133
 0.28763342952135645
 0.28351463451745079
 0.23302378125370843
 0.91188201023024829
 0.86110280753616086
 0.38586511009196495
 0.98375007855492247
 0.58956787016546874
 0.72552817297459471
 0.20851149102937011
 0.43932889275156245
 0.0038273881422397514
 0.68947389589634089
 0.55345959110216891
 0.68943044936012399
 0.77956060431929375
 0.38951377524680347
 0.47231194728435527
 0.44036912668838218
 0.79897006976666207
 0.41305182482400232
 0.23602979232746296
 0.15138839521939323
 0.87306916397700995
 0.9210122628255496
 0.36973946876843217
 0.85907752050195363
 0.40983949943951853
 0.55881680828670388
 0.89028513699976086
 0.32063845736304147
 0.84608199923473304
 0.42009505172442668
 0.50672858038566293
 0.48986418578695595
 0.33245166979465318
 0.68808969456875591
 0.89358077276953285
 0.45763989752323259
 0.46412632892227274
 0.26072750079132584
 0.38242035181781847
 0.037269061196835415
 0.49041190870337487
 0.2951569087204346
 0.8578460101037535
 0.11571464655860568
 0.41746671027689403
 0.9471584050527353
 0.45395997139619132
 0.63291980680901017
 0.67482021270269898
 0.65344564889865431
 0.019450589717761636
 0.20656790731876679
 0.073375716398926746
 0.12069114244314232
 0.71756101822278351
 0.84864756495630078
 0.6760893491501091
 0.19280240727233461
 0.31685741257297956
 0.8779020480808637
 0.84251700377231364
 0.34184380565962297
 0.58416826067634686
 0.65861415424365022
 0.10777834182455663
 0.80581234826991455
 0.74580877299838499
 0.20404783707423019
 0.12599952112824314
 0.56721327965098201
 0.95876670412646658
 0.025457025525953126
 0.90465334424552313
 0.085346821065017273
 0.81771256693382111
 0.48224386962071369
 0.15665150182605608
 0.61953638998189142
 0.16954268349531026
 0.96988602178757022
 0.21892187617941566
 0.52736209080862817
 0.036742810930550915
 0.27483315593292162
 0.11809016945668675
 0.83637672300215049
 0.16625707644701865
 0.41752300754901756
 0.09155556725048157
 0.32374198686519068
 0.21315937664919821
 0.91074050764818604
 0.45134803066929768
 0.51497194172095651
 0.96496226709724331
 0.85768340127966425
 0.15058706277863504
 0.66343284269655567
 0.80767623673158684
 0.080660945876959864
 0.40992358933347012
 0.7192944616314616
 0.14819849609004493
 0.35426225581922149
 0.81833086166797109
 0.21335521888343328
 0.56157988027186179
 0.60526732357491519
 0.88803142951719105
 0.045789178509231851
 0.43737457007094299
 0.95670048458999724
 0.0036414026682562326
 0.22275867632115692
 0.65530598926879224
 0.59534470184268684
 0.33094768380665868
 0.22640367602076733
 0.1098619986571449
 0.12793963007876891
 0.57499056834692874
 0.52200138347562397
 0.60644407986082616
 0.8586247294402799
 0.027553292769353855
 0.67615350256826023
 0.66196146725550542
 0.95676228349166992
 0.49268423084924268
 0.033983861721008465
 0.73540204245245566
 0.88867565415716532
 0.00042204180899556575
 0.29435376267827235
 0.81519162247424459
 0.76555621712260069
 0.031904765792391918
 0.034616690505702083
 0.73257818052874379
 0.10257839608691526
 0.66608735255345441
 0.4660259576718862
 0.40169335167385462
 0.24663177238751394
 0.66171759870670654
 0.41744982673048309
 0.10363002092979449
 0.51071218063846002
 0.39924333004483664
 0.45497564865206691
 0.32686610922101716
 0.5157640508091893
 0.95146271801914517
 0.081132869235477509
 0.72848364408523691
 0.24539959163474917
 0.39231749746407435
 0.55470501807790451
 0.73722606844382954
 0.47734120680631181
 0.12141610497476645
 0.56818755920689412
 0.65941375343618258
 0.40003259588255319
 0.24144746720138871
 0.7178540117727028
 0.90434094359647876
 0.017888151390410046
 0.070173877609723087
 0.97209749696023817
 0.83120877934843851
 0.31758365699270424
 0.51986572763173911
 0.33298599283368563
 0.054971612506785325
 0.76744126494420428
 0.80105974291682713
 0.9234349907131395
 0.40393622216933839
 0.32485229512122288
 0.32699673925017164
 0.49995028120032575
 0.96808441301309778
 0.38099797737987634
 0.59116746917907259
 0.62607770390893036
 0.90654054315141208
 0.49780508180823596
 0.60986555006803111
 0.48598258359733376
 0.086824577208827233
 0.91366661636307589
 0.0383802885645637
 0.25757571494672532
 0.572342979323746
 0.93269428990858405
 0.32410777526323115
 0.30565964237723503
 0.35278255401268205
 0.052444641508813269
 0.63683094772442617
 0.51074636923589967
 0.91604448015046813
 0.26909306743982792
 0.061505194585249542
 0.1413860962142563
 0.86620328857729523
 0.49729257590557835
 0.20731992960579587
 0.48017806890709253
 0.060980175610090545
 0.62687549063129611
 0.84767623730711894
 0.97578301305186221
 0.76522957925657653
 0.83247102589052535
 0.17427429503021091
 0.56834060085330906
 0.72528784052114681
 0.57085956006340277
 0.32878061626845873
 0.19623337308333216
 0.50068770276310126
 0.22658468663879255
 0.50524536684996013
 0.44993358845773784
 0.42774116666908607
 0.49248757105470159
 0.00047644612779123018
 0.13273697085879982
 0.23240673617532109
 0.20265766002123747
 0.10545876897953037
 0.53235715697705144
 0.93046399588842266
 0.41711325550244199
 0.2817085905608267
 0.67293428311684111
 0.32157871425652401
 0.5623398923175108
 0.74708074894315357
 0.35528855103979323
 0.80358864130813501
 0.48981805194023026
 0.3284191885537267
 0.51883263744243258
 0.43429770693855624
 0.74443012742875614
 0.90001946073336248
 0.0040495523971826762
 0.45403351739116476
 0.25629071847193891
 0.16524923765583338
 0.30348897178493622
 0.38752683372396973
 0.21527855965529202
 0.99402948953191994
 0.44354787646804045
 0.89394852272684955
 0.87902977735423093
 0.1200934630722487
 0.36199055960711496
 0.15305928151922793
 0.22983505446249614
 0.09232825896209422
 0.19091592280459718
 0.0035362076849639211
 0.5247657606926811
 0.84188688872155026
 0.78497832372425069
 0.35872076959722848
 0.67693806070357487
 0.23922549812486199
 0.49875377950311822
 0.6269572259369266
 0.62202393535663147
 0.15981827238345331
 0.20499410171500548
 0.15569261772817827
 0.032750980201521715
 0.30031755557100998
 0.72338910054196148
 0.90190558496864259
 0.49587407966086366
 0.19571977461602558
 0.13711693123644725
 0.88103659186367189
 0.10680767360113745
 0.78739335855601555
 0.20540314193934855
 0.19388171891555256
 0.75784003408172318
 0.4459781159082859
 0.63310657070015064
 0.64988719953617591
 0.10370362037063745
 0.5406169414722729
 0.010287686265346641
 0.25939831683942277
 0.28445740027558081
 0.38033560899110547
 0.20952771843281154
 0.34777353104165515
 0.60007493894819053
 0.99013511686339484
 0.7472596413154996
 0.44367940491841334
 0.10683598860873071
 0.83645468700319403
 0.84828377792226783
 0.46429601760042788
 0.0018214727216251836
 0.10405676929651679
 0.31411041805013279
 0.83883399917142887
 0.62786262194457543
 0.55470683650621755
 0.18541375461065962
 0.79771886523750501
 0.024766148986362802
 0.084188429953641772
 0.0056896205387698016
 0.49135874244143291
 0.94892026212942771
 0.76769091318962013
 0.98459791860153245
 0.92177334427612689
 0.89853807198772873
 0.33335436837782234
 0.32469973329974627
 0.54529718696783469
 0.72068717510978908
 0.41899225257895317
 0.44303527360605238
 0.32976615223962519
 0.67233562045739814
 0.36141176356164167
 0.10564875777334574
 0.81644329080682121
 0.40867033664017532
 0.43666005201164898
 0.56357004663194032
 0.44517965426282063
 0.76239465484184488
 0.13240529398248208
 0.067862716934736819
 0.87805284250494764
 0.16516088773636678
 0.69221260648202532
 0.73359731825757857
 0.15012031683910204
 0.37941127535457003
 0.5028569721182925
 0.037821051217720433
 0.82819906872074289
 0.80913176678265908
 0.25082864654886355
 0.80455518282309657
 0.2343291640700717
 0.73371746358386636
 0.84890441859824239
 0.72381195388929898
 0.16207799553694829
 0.67377640628180946
 0.60004953464971245
 0.70096446197343443
 0.55603948528955893
 0.019332708759620166
 0.40305441146718141
 0.59324833981656044
 0.31117160269165473
 0.21783158592044777
 0.31879710885942242
 0.039942948653724095
 0.9776642610083337
 0.61089615481367388
 0.090528421185185379
 0.35117260502036246
 0.8409501426487519
 0.26518627176483972
 0.56078091156301013
 0.79210983724666861
 0.75823038206956039
 0.45934218086860962
 0.37715247239098065
 0.25280281012874722
 0.34395048827011437
 0.064773873609217866
 0.18631692204118927
 0.33828063127277813
 0.33744970223823484
 0.82660255844446562
 0.68720642313962643
 0.46465938308832994
 0.097566222944866096
 0.68338331479135872
 0.98776514723638853
 0.40135848891071607
 0.95016698515407039
 0.98981506947011222
 0.95224698431143329
 0.63088773014782762
 0.76687764440059647
 0.72804419717798308
 0.24257640742029157
 0.18375496646750628
 0.044390448480809017
 0.012629766952320477
 0.35088629714641834
 0.15481064843964037
 0.41406949504728913
 0.16832963857458533
 0.94427558975609782
 0.13935444431820382
 0.13665637821281612
 0.80728408428775444
 0.56502960263789392
 0.80470902070135486
 0.83208204429754162
 0.015991977498467081
 0.7813815367031598
 0.030256853079078595
 0.99138379190635473
 0.4835039897355114
 0.5929912520525753
 0.32390803755346381
 0.42032684622301336
 0.79250103162998498
 0.24827929370598018
 0.044741354588590118
 0.044140458328338725
 0.93175654639400696
 0.48062897099147234
 0.46431120472162585
 0.67218310061983455
 0.21561697689908216
 0.37753954120607208
 0.91468924117639094
 0.095231098973554459
 0.98090148055930659
 0.43453106461369267
 0.45095472047530832
 0.50869445007853797
 0.38809909179864549
 0.94477710805179815
 0.67106321775366184
 0.20065312790844442
 0.77257155871841188
 0.081822384088794539
 0.86200482275732615
 0.364005558835862
 0.13457923182742088
 0.54141956834276495
 0.27579503429617264
 0.57143254355071316
 0.071603655919628736
 0.18175005300520392
 0.1738848408359181
 0.35721378328397019
 0.61987409724458131
 0.11198022132373879
 0.41307894732198408
 0.84151382228308491
 0.82516190966710856
 0.3526380819718628
 0.77776109887241152
 0.98134437235932637
 0.3358896662053244
 0.67113035159504097
 0.47327462193054931
 0.87605446904250972
 0.099017840033766055
 0.083279876097202041
 0.73364171298574021
 0.88345308394129807
 0.049082033189248683
 0.87329317271449458
 0.33081892257435902
 0.10901809050590176
 0.034273053034304876
 0.39042613061291392
 0.83487850298941557
 0.27745262245557983
 0.6344536934384627
 0.16162146112226589
 0.43470452505877372
 0.45140348679683689
 0.33497744709396843
 0.69096233640518334
 0.12672370285109275
 0.4894689708518179
 0.86387166400691418
 0.07694055242977331
 0.25470897830572242
 0.3029610414117419
 0.89630797107251381
 0.51025080984972249
 0.97421095558565707
 0.35804745396801835
 0.14548999583534622
 0.3054257898700084
 0.64547658564505128
 0.72137940819660962
 0.065193807061230055
 0.43052148896089165
 0.62261261038302962
 0.35208294829677217
 0.82834251770843859
 0.22655211166579675
 0.56890648182077252
 0.99371585061645784
 0.33018172958821251
 0.5282570708275709
 0.71478411949791321
 0.24136343458051607
 0.22371217117727621
 0.18044530012763366
 0.77560247938262916
 0.98254381395968982
 0.71056006489122658
 0.2981446291915229
 0.83111047596419674
 0.74901773771380542
 0.94984518715540944
 0.062674169125532517
 0.095865837009173435
 0.37289692453062512
 0.37617251244197863
 0.2133467581217115
 0.63195394760588008
 0.6979212057076063
 0.60213140651978025
 0.38509834488142064
 0.0052011306536620559
 0.17644807461677475
 0.43256582272824712
 0.80799867897841648
 0.96566038716008151
 0.65522385666317529
 0.20766216924850406
 0.73782712484965507
 0.41907072013721075
 0.16542095595448086
 0.8406792563884401
 0.98689109578872736
 0.46762057969601506
 0.78025317756650681
 0.21361909469620904
 0.14681946879044233
 0.65002588275668827
 0.10688562159034724
 0.82323939685949699
 0.50230498230640186
 0.57910066329373266
 0.97747265123045812
 0.85971512150884721
 0.99335729924911387
 0.91291493549905833
 0.25579176321678027
 0.93446677007426593
 0.47583928452701202
 0.88468155258443515
 0.32279049940169652
 0.53879432496131041
 0.15632637821372414
 0.60556825492032318
 0.37307632614217018
 0.069766082589684461
 0.20429394295665576
 0.13481939124222025
 0.020243662715221201
 0.73856464582010273
 0.30888847040609985
 0.48723349365416097
 0.84507494715098186
 0.92625956745631621
 0.73754121172844012
 0.041737528960888601
 0.9340697788131177
 0.79348962030520376
 0.32683680321904102
 0.55938468847795353
 0.47713505816419283
 0.67401281596110185
 0.67066402391480162
 0.13816735331694535
 0.55186456159235675
 0.91978797521327971
 0.43646643708453287
 0.78241592513076141
 0.29130723220652793
 0.50300311853662127
 0.11752563316399904
 0.28794848385698529
 0.5632622957925999
 0.63813449353558738
 0.92368313389357282
 0.92670660857565601
 0.34274172008446718
 0.40496536419053292
 0.39006167001116304
 0.53495875924231728
 0.56914320625407333
 0.56444852077614749
 0.83119985869081514
 0.1435364695597468
 0.46575216737999875
 0.20526819156437032
 0.29897337915968697
 0.53800114770519447
 0.44787992420872508
 0.2289457203986634
 0.47687656865773648
 0.94305020142635754
 0.10097446625054755
 0.14919414550214244
 0.3747723940613002
 0.52909172424661055
 0.078709805872278535
 0.29839189932801685
 0.3310342539283489
 0.61325832500139998
 0.863036619099951
 0.98992535398810044
 0.57349884811504948
 0.85252675516540022
 0.53165567433925798
 0.23033405934846601
 0.4392229896662892
 0.078203331505264193
 0.85734016820397085
 0.74051593327029896
 0.57187607132215468
 0.44929203192839257
 0.78446092474180962
 0.03943994179069181
 0.086408929146447197
 0.42022179609977744
 0.60958573800065041
 0.67682346894844314
 0.40425897111373338
 0.96954886270820251
 0.8728326302313224
 0.44646766021482914
 0.52753293789804956
 0.40302192243441354
 0.48653288409602929
 0.20135039182538989
 0.4102839870161849
 0.99267018337032753
 0.30225690013288725
 0.2612615534905221
 0.23395771275901062
 0.39467458179045595
 0.92945291687950804
 0.22580380401568473
 0.48495647276571424
 0.077311291622664521
 0.75978801763091652
 0.80450571307518903
 0.64286348221095979
 0.39495549439500771
 0.42059252592653867
 0.139001001789058
 0.18173472820149844
 0.008692136262882056
 0.5138835058057809
 0.037730775552094628
 0.79874424373513586
 0.36417841481858076
 0.013220266586781038
 0.15965804611340223
 0.64811132102151969
 0.23296174519723883
 0.5586438214807592
 0.93076444338395836
 0.23348799680999494
 0.97701314596790589
 0.5573176748222104
 0.77864347917546306
 0.5148350741799812
 0.022117213667915237
 0.52415355510319273
 0.16522466274179087
 0.23217001031459678
 0.8080398196577151
 0.5785817461601267
 0.84170617648940094
 0.6504035772463288
 0.83531467657127156
 0.85390123355281244
 0.8946098426365372
 0.15831810287473719
 0.036306721398331618
 0.86294036102083116
 0.19248336538281491
 0.32693512688657173
 0.93748009033488477
 0.4854571206689165
 0.72117869282351865
 0.77233614725061306
 0.28583146479756466
 0.18475930240857891
 0.83725180843819313
 0.56782111262449331
 0.86889445621757977
 0.48012306041856539
 0.0213844494577357
 0.61672944569706512
 0.59315805786755826
 0.49959346650372088
 0.6124751724033306
 0.30538059829853853
 0.28625279285970434
 0.082512713746530172
 0.70777649808954668
 0.54552478454680808
 0.78696245076739169
 0.83621033091722119
 0.49266140037012301
 0.74742638764864944
 0.11194042044782131
 0.73159632939646713
 0.02111126098668752
 0.04228188611534571
 0.47592138876054985
 0.023806849749424753
 0.45073937248888046
 0.31459588180780257
 0.51364335226142055
 0.98639738567887458
 0.99224225335580796
 0.99925845923577927
 0.4338641890007619
 0.16278441197803101
 0.61654767458497051
 0.44042365437942804
 0.16289961921114054
 0.34706046418030095
 0.2152444722948012
 0.63922401200935841
 0.40069243627676893
 0.041307123323387526
 0.36177448185970845
 0.56402644297602911
 0.67590042017971763
 0.8189381693868224
 0.23677620970162089
 0.99024952012021461
 0.049419638899576498
 0.40693272337076963
 0.87531887730522939
 0.12641029306662505
 0.2314550133462146
 0.58233123517666852
 0.21482627739429744
 0.032043456100254095
 0.67657318566176239
 0.76004412771430152
 0.3929546302836569
 0.43035318532560812
 0.12597867510110689
 0.75258946506229807
 0.88319738341805576
 0.12602450484755906
 0.27750301903537827
 0.95682801544612817
 0.32836223574691809
 0.55906199508518584
 0.75459102788649979
 0.86883208653550703
 0.57233916664491891
 0.84464293049371253
 0.47723402387190733
 0.045852519452113036
 0.75735983032696386
 0.53503053520707866
 0.29751504730204509
 0.34007000128587878
 0.75054129758503074
 0.71767618183879145
 0.54254574904967579
 0.87275840942207306
 0.1518147059800708
 0.77847146445627946
 0.37711765017389492
 0.24135457599605897
 0.95360316984101889
 0.038422621380130126
 0.97384154251453714
 0.85169489235632945
 0.22418075507930996
 0.5950258939503853
 0.29950651881656992
 0.29012288177608564
 0.059519290606558514
 0.69549300658531321
 0.10497692479637592
 0.083708016043343811
 0.79672899464088665
 0.2537549077126931
 0.14283710610317896
 0.69390406941333771
 0.37327411879081046
 0.51768612126157587
 0.87322084858913285
 0.57476702233205268
 0.16825691853322494
 0.051410882076758188
 0.56645807576237417
 0.79273245020281158
 0.51284396832211376
 0.41160097472769125
 0.1278195401141517
 0.21812956649751375
 0.17408841193872943
 0.94674662709888602
 0.18592945189025328
 0.3471752898547123
 0.96440774652519623
 0.53201280907336845
 0.0086007299222436336
 0.82416541538216548
 0.66369112200711999
 0.11403808268267294
 0.99882717068046512
 0.032063386807651348
 0.77923276841277989
 0.2988636364435347
 0.86393144920488274
 0.14912261268032928
 0.95537401981813863
 0.45814031281408324
 0.40454239158328403
 0.39198852306369808
 0.58039812993976447
 0.14391668701084509
 0.80992888849910627
 0.66199421780892365
 0.90461342523446242
 0.62617150492210183
 0.56430563014774271
 0.85558829028439687
 0.24256404145472227
 0.38288434781374786
 0.53799791897134686
 0.66600171579382017
 0.23747443361081783
 0.81571231268737499
 0.1279680859638232
 0.80068387601924274
 0.39097790478862887
 0.64250464164025722
 0.39137929730029203
 0.78382162171639347
 0.40879031007835459
 0.12059897425538683
 0.51733503080139953
 0.05380524496832477
 0.25067178679942864
 0.86642719501799248
 0.28855869141105422
 0.88638240873574914
 0.21547709018929312
 0.86663147078370839
 0.4863604609633036
 0.91879545442611477
 0.51253736549572781
 0.11218122553293335
 0.02971431616143343
 0.78732125278383136
 0.19721930531624149
 0.36423372416195648
 0.030018421309728916
 0.0093916186315452961
 0.40658014060287856
 0.19358472094222262
 0.37036566555032696
 0.73509509345937518
 0.7827027128668349
 0.1242622738238273
 0.60551611223153545
 0.75050613409836664
 0.82224106417403742
 0.73867960210899097
 0.44382361218938776
 0.67094084505847429
 0.7004708411694377
 0.74686904464002579
 0.12071388736522019
 0.526279411576277
 0.13995775628271928
 0.72364070686393756
 0.62572493886137615
 0.94454134160434322
 0.34930464953174728
 0.074997998144290909
 0.46754417227909345
 0.015188888338778895
 0.26998174326837482
 0.95274358286523708
 0.78541369214989265
 0.0013118103301281048
 0.1690287574622536
 0.73781240519654712
 0.85921948875957443
 0.85143455085300135
 0.85032429392478093
 0.48833363543843916
 0.83202148025861145
 0.81113273708909484
 0.66701809657473288
 0.32212940793861805
 0.11501471480907648
 0.26315384617168119
 0.44911314664541252
 0.94112696654085215
 0.86397258134745869
 0.50702519451933981
 0.31537465781495283
 0.029216700425021825
 0.64208700719947009
 0.71840594639845645
 0.26372482058404673
 0.41993228716960534
 0.98898955189986415
 0.54473257477267434
 0.076776622876560882
 0.03460442877056262
 0.62603343754231811
 0.50953015647160893
 0.47952482485001885
 0.32072730209639183
 0.80415991708297796
 0.35519699328817406
 0.18847430881087074
 0.14143615868550669
 0.87577086735345266
 0.62613837142187245
 0.060698059345197827
 0.4876558099921216
 0.21618015350844072
 0.54754742233619547
 0.99424845690031272
 0.067876058246793144
 0.28363667531010134
 0.46425666629594792
 0.81403441118279329
 0.61758732452088705
 0.077367098298897582
 0.74226032229049543
 0.56893840280849894
 0.93385279414345201
 0.14012197974410096
 0.094925171415006934
 0.19574749059217472
 0.61170384602284522
 0.01343576579856447
 0.14373722373084391
 0.38317954796839976
 0.079308487157792415
 0.41365257586812459
 0.089292394309175058
 0.75022141116815799
 0.24899833812252908
 0.68118841085103621
 0.42296634360660185
 0.32470498798481645
 0.88317382445588422
 0.81861742057747011
 0.13264734059674982
 0.92112257097910077
 0.10203791600941019
 0.72758009209648389
 0.30079049813885567
 0.45586138641086177
 0.17407120444297391
 0.93083107681586708
 0.58239659911943675
 0.32702620417897116
 0.86043640535124899
 0.2868954755229563
 0.88190519361723196
 0.20234828178700098
 0.6670356793889437
 0.31243937454843423
 0.74249991138704607
 0.72429500211473474
 0.3063345558615988
 0.96339567356912426
 0.69802124178941716
 0.5938788919204856
 0.013330520510226918
 0.43315759620885291
 0.069236051210880431
 0.12506347534357282
 0.92662852653118699
 0.017146265988526799
 0.69294953570531437
 0.259777240580716
 0.84923031725597831
 0.61998259880122009
 0.56179955179277741
 0.96902596792942042
 0.26108267281455083
 0.63135879684624008
 0.79741561787673676
 0.62810755823705233
 0.46704112724506036
 0.81675429900042285
 0.35794241901287632
 0.21142365494653675
 0.75164087665672785
 0.68414694992244263
 0.34482833041097544
 0.99917342498721973
 0.022481961306951615
 0.99467438751140691
 0.6261868592529618
 0.50864467323750717
 0.25218177292366278
 0.91546662094586295
 0.6748309909035779
 0.80684429450316442
 0.28956493629678687
 0.88885961271809888
 0.17337425921245236
 0.8598130229526646
 0.91982924778490793
 0.56906373291580858
 0.50276549171937113
 0.19730172429877241
 0.45076362510781459
 0.16558583306003744
 0.19772840378611795
 0.12939559777057702
 0.41164299485966155
 0.86442160805756341
 0.34326334849014123
 0.058385372663162613
 0.62454853801034982
 0.33968824253568347
 0.7149574548149269
 0.095256135802632633
 0.71735155506078441
 0.040873435239932407
 0.89286933290798365
 0.42714719094395853
 0.024719575394456839
 0.59749955915202657
 0.13951589312928675
 0.039723411427300556
 0.41941907006980855
 0.02202471887739792
 0.076673393985556657
 0.30947776474435812
 0.67821205073392565
 0.68036657527338174
 0.24257882939659742
 0.094320902860917252
 0.23909446694247188
 0.52673684526705389
 0.97780512238438311
 0.48511797004916396
 0.32307391111346168
 0.14615865373440579
 0.094014683201740931
 0.68893264048043312
 0.20040172397909922
 0.86260351263008805
 0.0040734619102163359
 0.79294744434586095
 0.18764661448202696
 0.57923526655035418
 0.58124598383597481
 0.097707941625637826
 0.86699412018638489
 0.52458295240519204
 0.53680727560628339
 0.50740015555323359
 0.15449571972131365
 0.440314605600236
 0.9859089976137998
 0.91207652465194278
 0.30989508669578786
 0.74128015759572297
 0.55451759479091123
 0.2280281194823896
 0.62562653301076898
 0.38265682823811448
 0.32246015061023608
 0.55632056646895545
 0.39327163379967994
 0.5416296935390662
 0.57751021775538169
 0.41108065283510015
 0.28095871662529531
 0.24061480046767186
 0.99477333029025961
 0.12763884523208685
 0.03597160327207842
 0.89417623045264505
 0.91299551377166788
 0.21415696588755456
 0.55987563761080039
 0.10076983866597015
 0.86290508228136942
 0.099567263938919612
 0.46955196234196556
 0.012624354534799421
 0.35990235356207051
 0.72468876550261885
 0.93436315622577226
 0.082607289654127267
 0.77861239741638211
 0.50440985438699726
 0.87461899894105533
 0.21609388700797855
 0.87864155248961484
 0.79702313322001683
 0.62021841580573134
 0.97932555591567561
 0.34464482698820004
 0.87036125199651104
 0.88305515265498924
 0.90572507312259987
 0.58282506071627027
 0.52633152610527023
 0.45374439283818196
 0.65613651462770861
 0.14526980807561335
 0.93015767491559731
 0.32294565749164689
 0.65319855695067619
 0.9742302060788719
 0.60619659912499102
 0.51483191791842153
 0.35053486055270316
 0.50796714993066505
 0.45802156262281407
 0.92172410326343523
 0.65701710533700897
 0.91483181037322792
 0.54489423085942068
 0.42872028502293785
 0.81287058706971349
 0.028330977682361081
 0.15232419809939063
 0.87683719751138878
 0.96200066950836205
 0.21524515708532416
 0.057450818671147361
 0.37748254012116728
 0.11630816929596959
 0.71051091439440595
 0.6262835305203267
 0.27006888024778003
 0.9038989320202796
 0.25021488110759998
 0.77432285349392627
 0.53130769598977778
 0.20171772005455252
 0.73955800649859915
 0.15846205989872414
 0.59694315229441663
 0.34584282592021426
 0.25184436869844745
 0.63767257617483153
 0.75060711069065233
 0.400708637301809
 0.71604820598017171
 0.5756315712998058
 0.90136107488666228
 0.71711513767013335
 0.016789802807704191
 0.47407305643306069
 0.14957773283287917
 0.76536796219959469
 0.44048054898208394
 0.21709441392908585
 0.92031902016815159
 0.93176417151989244
 0.87302595765810209
 0.6593767674262655
 0.049104102615979903
 0.95756564068991989
 0.21086188635262143
 0.29396967392018875
 0.61193427706087034
 0.011714096957934839
 0.46153843971004488
 0.6104790662378613
 0.44485276963535464
 0.41031941357231733
 0.5933151837397217
 0.099820402295268049
 0.31087173474236746
 0.86828069664415386
 0.062489170317419893
 0.33827008580472134
 0.025829406057042138
 0.44779748847961059
 0.98596040070815494
 0.79848812765873034
 0.37784542971471563
 0.20629747642862545
 0.45321084523819283
 0.30120148365057869
 0.790671862882946
 0.51468646513629257
 0.28874267299268669
 0.030387644469776976
 0.73919188950899251
 0.092365945399878677
 0.32177229155408044
 0.63280180387883278
 0.24980276394693429
 0.29358054998866884
 0.2380971243105286
 0.53235432480384204
 0.97979607898297194
 0.36231734094675899
 0.044492432940899149
 0.83003788887525376
 0.69503163647339661
 0.81741613992445117
 0.18095308083118949
 0.67305381896629501
 0.99957371658298177
 0.82886422264012116
 0.65066214727855343
 0.5897001559055115
 0.10679698728439595
 0.21163246925104656
 0.08631286704218015
 0.61556751588419722
 0.2643717883986631
 0.71941273020605667
 0.5422784594028387
 0.49461614029444628
 0.32449738486089957
 0.65067422714665413
 0.60371196921461889
 0.8213559783486597
 0.23509330896943498
 0.46342989165017828
 0.016792907783378098
 0.024025923626037882
 0.044380169334005612
 0.760251731451414
 0.67321952016882547
 0.12152159823789092
 0.30461313856144473
 0.23543742907837889
 0.96726451028417837
 0.55745515958708614
 0.24370915105310514
 0.5876638572995968
 0.66549421470875936
 0.53791392388069237
 0.75799186231125648
 0.42247358944848407
 0.18516980242286968
 0.82443979127883127
 0.53652477836426526
 0.26878705620279192
 0.59428561798841772
 0.77662558393732251
 0.45621604490858564
 0.028206655339153498
 0.035927154131611669
 0.39039517708091737
 0.50078945012998477
 0.8324645251081968
 0.1825045119888174
 0.15488672687408639
 0.59729232169843771
 0.36467979544823254
 0.33986442380883136
 0.7895837136085162
 0.60187070250875119
 0.77951024939923685
 0.69922273737750906
 0.48927414704523903
 0.076810244666692659
 0.054716080667373698
 0.11401769612429739
 0.67923270110564671
 0.85759452358345156
 0.25498065616053206
 0.9429804684113543
 0.76347974357516757
 0.42275632531002943
 0.29976775835997355
 0.14018660669401922
 0.72964573019936685
 0.79887807737210559
 0.85866708010564941
 0.56816091518501743
 0.21624644076668159
 0.11300352675503093
 0.43552641549241405
 0.63649051380722887
 0.61698558620446342
 0.093474572415228538
 0.83142173975287825
 0.41315255993477112
 0.031873571807634768
 0.59495052105710355
 0.050374135081485735
 0.46046058199725687
 0.70641753854718414
 0.93620068335060636
 0.31145845036602221
 0.64551357725093794
 0.10423432475035969
 0.91123932832770982
 0.33016598436862582
 0.83798874700302806
 0.12106567294071317
 0.39170749223425766
 0.086456116814364201
 0.11497932138695703
 0.89760561758138202
 0.30696703426585198
 0.28894187620466599
 0.63971068473133208
 0.61664917622276594
 0.80988762641129053
 0.2414166209195116
 0.30922187235423909
 0.76807020411404003
 0.1612860324753595
 0.69648037316173639
 0.53165147486830355
 0.67360991458483543
 0.51792579213793166
 0.86387255366601023
 0.48820409728146336
 0.9570696149326744
 0.011231450037345204
 0.92452404900959628
 0.053285865073235336
 0.62551565306722168
 0.73943356050143505
 0.73931582099512494
 0.87033497966453544
 0.98097650105497847
 0.32748826177249218
 0.95314536862679311
 0.71016871224641553
 0.92654618223596596
 0.54109648418546474
 0.2725878977611082
 0.74117350816791205
 0.64444564383452785
 0.01437064128369463
 0.56356108128595461
 0.7710115374296852
 0.12269524739470965
 0.44288376555696857
 0.14392723790351841
 0.8661262545573809
 0.7393396153790327
 0.14059526671991734
 0.57637231276390288
 0.21251248994875954
 0.67912023259255638
 0.66066272556376293
 0.40717175938974132
 0.48198095727793927
 0.35049712670999505
 0.76692890868722996
 0.58632909974186564
 0.31592970077021537
 0.31463805145516516
 0.1222178365592355
 0.4003899617742796
 0.89890435658101286
 0.83600117948737651
 0.43685000578396654
 0.053091780878877157
 0.028321893847291269
 0.072197065985514827
 0.3215416677193465
 0.32932574213783422
 0.12427117809473757
 0.54715848782928811
 0.25102741279601198
 0.76947179290126899
 0.52948199521292383
 0.035939849947271771
 0.081512497467396569
 0.81122358414975093
 0.4283652405057406
 0.032612740730854559
 0.069997280649122626
 0.34954688038632026
 0.68873315158355997
 0.1532527352429372
 0.75184863353867892
 0.22684857156680055
 0.117165178767257
 0.43920970445394197
 0.62855751165245588
 0.58647518689831291
 0.24051575494205329
 0.77738402466719092
 0.45264491699198478
 0.62408292630401485
 0.899499901691583
 0.23569145378565698
 0.31581917990827918
 0.29513091244782158
 0.66927460043973952
 0.36428057460617286
 0.59175500931753167
 0.36896512315083924
 0.44720501561572362
 0.64640127311191609
 0.60805421368990598
 0.79136169222454356
 0.01363096106336097
 0.55464146014150029
 0.92229211662056809
 0.53064859972745027
 0.18223107539760336
 0.37162421579492005
 0.14065699615823085
 0.2523304871160606
 0.95463579728399905
 0.36336042333885926
 0.26612459895312573
 0.2770355574269549
 0.59893417628976608
 0.56269160059823953
 0.92486655579552635
 0.79664460869088605
 0.88622080001618897
 0.36964028469102178
 0.85515442734009428
 0.068713790138348482
 0.53803358673937196
 0.16105973297792903
 0.83282930808606093
 0.14757223531619218
 0.13157288568141851
 0.86557445307840486
 0.099538552459361981
 0.82958087883448761
 0.15275619425867243
 0.98286577892507598
 0.29532585854733179
 0.70945551369836324
 0.28592647541912114
 0.012406895841322641
 0.59191711627914356
 0.50749266711030561
 0.05095098732515739
 0.72136783932762027
 0.08355885539234513
 0.81349490834393801
 0.78868385485993941
 0.14434305551242294
 0.26295175670405196
 0.13350091481444054
 0.16853415751946238
 0.77736020463171918
 0.85990156502254167
 0.64523367204405979
 0.3264972999485713
 0.39438606722213138
 0.077033454838057722
 0.67665166689250023
 0.37877302179322397
 0.8024605260164831
 0.21965001430789483
 0.073797065240018653
 0.37679805030797947
 0.28856459996161271
 0.60468328606141009
 0.90125507374633496
 0.67463640878887898
 0.25173010580305671
 0.38278887353403429
 0.22229525540604272
 0.54560227581806831
 0.14175420760766627
 0.14513760658699165
 0.51321410236396314
 0.53150665676859932
 0.19093159472830329
 0.67900489836090372
 0.21992180906660747
 0.29540477576211349
 0.30356762289107669
 0.5916705169037173
 0.13784581352944586
 0.65288114116326434
 0.14805205365175905
 0.21331586304131817
 0.62775626525947814
 0.50734792268587481
 0.60609522521072179
 0.64411167746751297
 0.10777747701834732
 0.85466271943976424
 0.44802660954193069
 0.3720863752320413
 0.4509661878299443
 0.10392769346744095
 0.015482488085177871
 0.10553461679224201
 0.24108526830507887
 0.80594836687630467
 0.91157863656493332
 0.73500051780684317
 0.68713733332249216
 0.89738831417610443
 0.75700972148457679
 0.29808778207259928
 0.11166040074364263
 0.19996042307537371
 0.46396939700556333
 0.56697699839163496
 0.61441559661624501
 0.12568553577491176
 0.27210694914908878
 0.45233585176637009
 0.41956762431914368
 0.81053466543538888
 0.70546903039510012
 0.79560587443762421
 0.61007124648406352
 0.20865844245047832
 0.48847359580506172
 0.03530021477721805
 0.71010620597376506
 0.75394526184857946
 0.62003927093462219
 0.6445352845224297
 0.84151269842049303
 0.33438229574965733
 0.38403981027345507
 0.78724761695034229
 0.72510045045268812
 0.17520825845984417
 0.020280071561295455
 0.78730814331128063
 0.66217108503175104
 0.33252705482261474
 0.25304220854858089
 0.84544385995018567
 0.26775522424966486
 0.062142102061328239
 0.75460994680784133
 0.657239002241505
 0.89488268013445693
 0.6281933481186005
 0.01920731200739394
 0.82742978270013967
 0.9604453678985625
 0.052089029215284063
 0.76527084393396794
 0.5137360000365333
 0.64550828392907444
 0.34263202087055195
 0.60920668291096747
 0.078963903671875044
 0.36019297581503978
 0.028957587063754332
 0.7407738248108956
 0.26605210295697884
 0.37096511379243774
 0.77131133900989601
 0.4716440742912365
 0.63620378037221226
 0.25442058973866172
 0.52781829377153222
 0.029289297705140039
 0.62290363107656876
 0.91136395670713799
 0.42857380212857049
 0.80062243558798896
 0.39196674283943583
 0.68689658514770013
 0.82263860317143933
 0.40511049179083908
 0.95666202254731603
 0.9490741968238775
 0.80484687493825346
 0.73417294878843786
 0.91737161404913259
 0.71032127091226305
 0.96425606958991228
 0.38210348725091287
 0.2000176192547452
 0.99188007122081223
 0.20453181027408901
 0.38050411110452514
 0.44942369916971653
 0.083628430213759916
 0.87862954908003399
 0.93217350013348743
 0.37585993315788319
 0.45523864421546728
 0.97231956449116863
 0.61055594262878277
 0.43587344878640094
 0.52781176644168604
 0.19635907253948498
 0.80571551171446532
 0.31534403119139071
 0.96756704566333562
 0.54177619539832478
 0.12900007039916878
 0.65913889329495379
 0.039326307805348557
 0.65990792371353268
 0.99685059994307856
 0.20388591957890428
 0.032083125701747803
 0.09949095387965827
 0.43540331963874396
 0.92701452338409074
 0.059211569354008772
 0.097068811881606917
 0.97421205176482195
 0.51658440415273632
 0.36946248485065719
 0.68803192235142485
 0.93673615264930332
 0.27207447414526503
 0.11170084255768169
 0.75274371304754439
 0.060930313398146516
 0.86601203679895455
 0.36117374478439163
 0.40635532995775586
 0.93220753776385779
 0.85095955731629525
 0.62023514968000071
 0.23115248126291349
 0.60111555576086073
 0.17481951286069081
 0.54324819595119911
 0.054735510747094859
 0.75427399272070494
 0.59204715733782498
 0.24686207388449705
 0.56419020246098772
 0.27734021880479592
 0.025351522160261753
 0.82269467190256962
 0.46645146443951963
 0.33096005648841015
 0.046205343456302159
 0.38991470367569731
 0.40702780644465181
 0.59969481122514079
 0.36701111079623522
 0.60086205330947895
 0.56253977400068711
 0.53424512622279352
 0.59498006329965902
 0.56704347125476495
 0.21224623391818137
 0.64016706006803825
 0.87723435959373353
 0.55488227028086357
 0.93673211562544767
 0.2724570295173338
 0.36260089503143883
 0.96677977647239244
 0.79765028860705556
 0.48195328964676226
 0.74813437870515564
 0.58284430436384616
 0.32099164307818567
 0.64890690590249944
 0.14800606746769801
 0.78063043806031496
 0.99442542570583414
 0.42298902554130008
 0.47939551425425025
 0.28512200294558471
 0.92817585085169529
 0.35145148101893248
 0.50030603130913087
 0.87781770711267904
 0.180638964719744
 0.0851581904766993
 0.87999012304401047
 0.45793406589130597
 0.63040845207437213
 0.10133873672933906
 0.1339128800291321
 0.12634520769273144
 0.19625006988538324
 0.090815422467053028
 0.12489916035779618
 0.08671604426920991
 0.39141908847556334
 0.2644944494635168
 0.78732169546857012
 0.21583070684208466
 0.74723953315709435
 0.55391694704831473
 0.50498714096922837
 0.14264531981622125
 0.39803530903468326
 0.48804468012161145
 0.039313722769356227
 0.43872909102218921
 0.96651301323591565
 0.42384224565760881
 0.84856358947992505
 0.46539362271332846
 0.68332987765189379
 0.27410241413395225
 0.35288984767635606
 0.96130446546773085
 0.49389504421956748
 0.13375545770391556
 0.8521310116777796
 0.14927329746519175
 0.39917422843950462
 0.16959865581184513
 0.32006899276701778
 0.66334594644047173
 0.60991047447882485
 0.12886844414356119
 0.047619238805141226
 0.4384152486972171
 0.80658316303240507
 0.85531579388621115
 0.84217116448538798
 0.38682639957848958
 0.53289538260467528
 0.29542580777217248
 0.56725878222230075
 0.7891277698704543
 0.79439195315704081
 0.91965173374416676
 0.062504868449292858
 0.53582830021872374
 0.92075493039751111
 0.90581760514406973
 0.1507779985051208
 0.010987506768283906
 0.81640965358745898
 0.83144453721441069
 0.60055493454257081
 0.53761008058206583
 0.08286619597251059
 0.0074306132729308636
 0.80158859716914754
 0.44415678669831499
 0.49729227347330734
 0.99915446129374352
 0.40472395528350485
 0.066485558019264077
 0.64518844153785482
 0.39707552089756787
 0.97728886763420653
 0.098803372592491986
 0.50060961146549998
 0.8086697363831381
 0.79585579582732824
 0.22524458041546164
 0.23386923931635079
 0.082090569802809973
 0.69501984786148996
 0.64199922944708099
 0.48263336435005993
 0.045174681529620939
 0.46121134988248697
 0.23411004195194135
 0.5096660890704946
 0.76984117559630605
 0.2339995576864255
 0.43620752763027443
 0.92620602568653632
 0.59973065577689444
 0.13870658116887397
 0.64708703974112969
 0.30181365323777559
 0.29405687173070544
 0.80632011734710995
 0.80152723181557606
 0.63309427476336422
 0.50117647887463834
 0.214634934529569
 0.58505569662174728
 0.76284161655769855
 0.86619879326702154
 0.32315818961122883
 0.12059886162493032
 0.023514463069693448
 0.18644754769101451
 0.11457554081400383
 0.95520722043286366
 0.88470189165857027
 0.70757846264015933
 0.64834323902052771
 0.97082850442174018
 0.23093674675256531
 0.019274365123827231
 0.72397828330457614
 0.75132591065080401
 0.23572715621750157
 0.93558377004672233
 0.040918776352685302
 0.57769244528105856
 0.92192405909708086
 0.042050740595324251
 0.3217893017594729
 0.19867303207147707
 0.010796987867369313
 0.32444742204967852
 0.96077579713012085
 0.054416986455386215
 0.81015838674496266
 0.065204380206858745
 0.65001173941419588
 0.19115517816819033
 0.15012541729326251
 0.9032215892595219
 0.68652660782550601
 0.90526815156773066
 0.39790946924426823
 0.2447666955811339
 0.40582800599714747
 0.086880916730491628
 0.012550899885338574
 0.87316427641066041
 0.64732316821220981
 0.39814325975867609
 0.69454353761247234
 0.79180989928108336
 0.90830463045753607
 0.94718008115793551
 0.12793682020000113
 0.41814957903306377
 0.52206815152047392
 0.18278830422108899
 0.26533484277269054
 0.44845892269904036
 0.24403568310592055
 0.59573195049641647
 0.16222188676854182
 0.16036220733099166
 0.46325538435407093
 0.99623495967484699
 0.89879262052697639
 0.12369989236351868
 0.86293039544688221
 0.73532386269178407
 0.69237264816144162
 0.18630315599422625
 0.14192578678592654
 0.5937030707006854
 0.96943455280483426
 0.66485956450681682
 0.41903084559824849
 0.28122049292236367
 0.33729204404961238
 0.82509963516374052
 0.37284088381922492
 0.90923383662607082
 0.16557983833356399
 0.94120895339467159
 0.46450826579886068
 0.29279918749347639
 0.11585903085317621
 0.7936401273889987
 0.16904038371668456
 0.46079767823223922
 0.16368262612850543
 0.49053744956096551
 0.08526173362454352
 0.81382167336119915
 0.83526278756148187
 0.78693559701318938
 0.12657471297382256
 0.91566202383022366
 0.60800977222402719
 0.85280434377965886
 0.73128207728346206
 0.57097750379928436
 0.0072718111080977586
 0.59126572525379151
 0.93767864582631821
 0.0037993103295530959
 0.47470000947278307
 0.23412690761172789
 0.65516002659850392
 0.27689956857910897
 0.91592655326152661
 0.36171175308304265
 0.82159449450750799
 0.71630998373407073
 0.28685386661769635
 0.36928571930494397
 0.14584425852339838
 0.60375132560097311
 0.74503759985905615
 0.45267567557463456
 0.6689533554861834
 0.82592633568467255
 0.28686676875614886
 0.51367969835522231
 0.82191401961984722
 0.21606878256480538
 0.90403897054105886
 0.88384192743143342
 0.26942791388347437
 0.35853668080804696
 0.045020915314593554
 0.28545287402340208
 0.3132907376336686
 0.87297987164856561
 0.8638584279704824
 0.16831018715975704
 0.95663374974191895
 0.24656610042886112
 0.43222489389078839
 0.23040115035031367
 0.82253960921751412
 0.98138038208098677
 0.19849523160211074
 0.5982976878346874
 0.10788957667694236
 0.047819062711121726
 0.86217707859643467
 0.16330787520045181
 0.96005592585597166
 0.36192140694615788
 0.87844201757005524
 0.52767053008658138
 0.54592961624995717
 0.29240451993650168
 0.3787459708444319
 0.76120417263058715
 0.17706579965829067
 0.14971230077026326
 0.88750330182908987
 0.90578934695035174
 0.24421530107639727
 0.59743671913340646
 0.11889117777277651
 0.16123654027508055
 0.6953377966226425
 0.44860152050450991
 0.2806479247836195
 0.27052325916595482
 0.53471613222005621
 0.88062716902036797
 0.33561176824101085
 0.091437987986164468
 0.012485718076007225
 0.42694073452040265
 0.38132412427097134
 0.36002296274558171
 0.45946316326279285
 0.46041767427712127
 0.3985662392133355
 0.98074653958818026
 0.26141040137643307
 0.73322032114990154
 0.31693099143826614
 0.012368903122456577
 0.50783583542448063
 0.73732639132164457
 0.98152463412853785
 0.69379225031012359
 0.50233017904952426
 0.1980321661056717
 0.69298280162213466
 0.37941567976101981
 0.55442012518447126
 0.34119334528937934
 0.66646851308596955
 0.76591888182044698
 0.30123299683517707
 0.51987337731684602
 0.091384793425569308
 0.6746685708388146
 0.74555674993711374
 0.25427849721319701
 0.51258739756925664
 0.22891045956204764
 0.46748579445781041
 0.3032464002997744
 0.063889305449209607
 0.48765241685148469
 0.81677530318641656
 0.42179837996628239
 0.39026888481567384
 0.26089887435097087
 0.7116648405394197
 0.26824538106873347
 0.40529005659435852
 0.52700156101197282
 0.87735151036477332
 0.97962766549783797
 0.66961560393622666
 0.63354800618553275
 0.73734066216179028
 0.83938760729283013
 0.97284876743732607
 0.20460679135942855
 0.87988915398481782
 0.40518881319129635
 0.61157053130932759
 0.049878463586250185
 0.89036426931105572
 0.35000237830757602
 0.12856103185541184
 0.9782056645271362
 0.12600563865774833
 0.34885496002473398
 0.74662065592113003
 0.73400967297174813
 0.11889632061402348
 0.48968100270728093
 0.11100465714256673
 0.26501529675517926
 0.35195245063963793
 0.26188258958077643
 0.41725554017092376
 0.74343481934867206
 0.31493207357753722
 0.73604778895958856
 0.18894137599121946
 0.56496836252389193
 0.95798249785848655
 0.32404691661265067
 0.61577886258443459
 0.97996261370149362
 0.18246952625613494
 0.2744867545381357
 0.83368017183990228
 0.72704193027921915
 0.78968270245291794
 0.89862337415029647
 0.53220992881683293
 0.89036081519213772
 0.99270752077883595
 0.97214796487864863
 0.57067808919210994
 0.03326916045976451
 0.90809644043227
 0.21087652140077567
 0.74271467267402824
 0.21974078912295708
 0.78820546268559721
 0.47610257187006805
 0.51349648306750084
 0.65832366974993484
 0.68273597493219096
 0.19308496093712463
 0.90071492544883724
 0.56871683869078715
 0.32527814270455885
 0.32669467738443519
 0.2523372930697077
 0.017079636312925351
 0.64033323762338779
 0.85655530836043481
 0.38421046538495068
 0.044687484498750416
 0.84831030336577262
 0.28733407477820244
 0.97082235490524349
 0.45376219762765363
 0.22106448592766564
 0.11445675657397218
 0.7035654381242159
 0.36931036263784528
 0.85986786170033425
 0.16371823784428324
 0.68257704263798225
 0.92504560434270044
 0.11266507881196323
 0.456801287562761
 0.45974290338364293
 0.10113578386637494
 0.29630697869438133
 0.65209642545572555
 0.35141929478767803
 0.14980176360080638
 0.40914720296667734
 0.77275726313179571
 0.99259027353486895
 0.037941992078197748
 0.99640351870347998
 0.85575988717734419
 0.76550023112605925
 0.20061377919422269
 0.29521846695042459
 0.0015500543884770402
 0.81619628964720159
 0.55346647103820867
 0.52557828052600819
 0.22257103398433203
 0.61571440273083577
 0.79685986696235045
 0.51810944613328769
 0.91665175385896036
 0.66666473553675165
 0.8812174038046815
 0.90369402289475353
 0.090207676938415512
 0.58915825540032807
 0.36196112095600869
 0.88563854949746745
 0.99761715617810065
 0.078582746848362237
 0.17471186868765282
 0.95322738865035594
 0.66877113486610618
 0.13242492761418695
 0.83252924243105841
 0.42745693718845729
 0.48383555805354278
 0.10546103138953082
 0.5781885289922597
 0.039389665655234204
 0.02031469876518437
 0.90189420414000143
 0.59365681247493163
 0.50459008550277529
 0.050688353439200126
 0.1019355161822018
 0.45489740084801217
 0.70157773810234725
 0.74786137218027904
 0.58233362408583889
 0.014909770395429001
 0.28157112114660782
 0.98343382347685837
 0.33761304708026013
 0.11816727456027214
 0.64931496734644734
 0.5889235460582164
 0.66363482067565882
 0.34355283312783907
 0.55651521302089102
 0.16923165047156991
 0.23241146942589569
 0.48802739149583346
 0.74128155381085015
 0.75629358007940373
 0.021811651276653011
 0.9609317731780761
 0.087077149226217607
 0.8093696443731444
 0.32185520924574579
 0.035464792438603052
 0.21612882456236743
 0.80553610979748425
 0.01397171371486965
 0.30618295050205618
 0.97181363183880887
 0.53598189769327409
 0.81748791544116828
 0.40624112742590107
 0.15575129304805552
 0.038974462552454112
 0.74666646012830573
 0.90451536031915103
 0.29780200280322583
 0.84913166743427326
 0.32050241257060924
 0.37968427320903525
 0.21099253941033996
 0.77923572916690176
 0.27909195055774266
 0.91086744696030675
 0.7249862022158039
 0.73075692180438345
 0.53500750655326113
 0.91817306200091109
 0.78498409079626064
 0.81266710054393942
 0.98463308700469532
 0.7363800495549504
 0.99941280587266723
 0.62739767445067651
 0.73801239607038505
 0.78272088874396828
 0.81427988723293299
 0.51776363756639832
 0.9150791173228916
 0.96242250714711464
 0.024156416076849197
 0.48874430121369067
 0.92776881989544313
 0.64049933471877896
 0.96186228157942077
 0.97182689805512434
 0.26742261357335123
 0.92495506275055706
 0.010970720401100965
 0.34733101595944021
 0.69189822239717635
 0.90846747382179127
 0.62057255345824225
 0.71999334184508901
 0.71752241721209642
 0.73544856843738637
 0.96654659404973076
 0.49451786993932828
 0.50471496451475717
 0.74806905484470942
 0.48669929958425856
 0.989675617599302
 0.23148079213552047
 0.23553816181444948
 0.68402555909993157
 0.027402843893840113
 0.62130858237395958
 0.0041294039277389059
 0.26173173692064727
 0.94166385630739491
 0.35267075663163011
 0.72180514216302316
 0.011482394675272612
 0.12275181960244001
 0.45809792256777365
 0.27885014472681596
 0.91606194411520014
 0.39506041053205948
 0.56124391372049731
 0.82739293844945327
 0.83381384782940127
 0.54103719585131582
 0.98458076897112556
 0.89197436240061723
 0.072603302970288983
 0.34840966216831454
 0.35838680516656957
 0.42681336830845878
 0.95428984588630572
 0.86227847201623264
 0.0050162604062788272
 0.76006195745159122
 0.79902848658722414
 0.32593266147930772
 0.010807321445757623
 0.90130601599418958
 0.01026401586956598
 0.39071981915259429
 0.39604112768318994
 0.87291870394438498
 0.90854263960797021
 0.62999472175533
 0.85968743926416868
 0.22427853955785731
 0.22136157651504812
 0.20607784979785487
 0.44716607609351594
 0.48640279302211081
 0.6862745310127929
 0.017786962388486694
 0.42611446965484084
 0.6642075770614827
 0.32912914640929719
 0.24739648834077327
 0.79441751119401605
 0.93976172179559891
 0.42579778647624272
 0.13738133242072842
 0.78843041338374786
 0.92047929488008928
 0.54880068797574866
 0.84006438485378687
 0.042079856565706827
 0.84143623162694592
 0.31404571635154349
 0.22339027688464391
 0.18136625485524799
 0.97141797147971753
 0.76941494568477453
 0.84586615786445352
 0.042649145083905535
 0.11301225368655025
 0.42473507740227162
 0.73432024445150357
 0.83758353826982712
 0.76118199838889355
 0.25558076050706074
 0.22939376529647942
 0.73930910560456797
 0.97297517846303982
 0.81791461768869955
 0.36635163254180197
 0.68025693010144461
 0.32916354716464463
 0.78685450845923333
 0.43217640088000436
 0.84629855335062776
 0.16477636840151905
 0.37587829346919549
 0.079182804496111078
 0.026916530882034096
 0.093353593574862989
 0.61963120827419127
 0.45781377438993037
 0.62982055605861365
 0.76906481248997249
 0.77249779355650539
 0.67331074322594042
 0.17011881967862913
 0.27226435009145805
 0.51794171808629241
 0.70544310826726364
 0.52538421703194305
 0.16564218186009377
 0.18309565662758415
 0.10358950010038108
 0.14081799340036844
 0.35192706972901272
 0.97007015095642812
 0.8533189656145781
 0.11789842215479078
 0.76140904717387525
 0.44921387931652118
 0.10723259208995987
 0.70301092827323386
 0.35639740997318664
 0.85517161476356629
 0.64062136971237271
 0.95979846443880323
 0.75294916712027504
 0.74929514570176103
 0.50397890769151854
 0.097974898380330841
 0.37078098646777763
 0.84986837260514425
 0.35490136280496981
 0.45978223939151014
 0.038179543337010499
 0.41871174413496387
 0.94984397257885012
 0.23405485224819417
 0.91731969761050514
 0.96723028217592066
 0.25824482110912178
 0.73397578582048673
 0.3187454185493564
 0.16999778524987613
 0.83313372358631155
 0.46080623345627841
 0.31592180038377843
 0.62154189208083921
 0.99360407888389635
 0.60704885365550532
 0.95136087825846227
 0.65465268197577497
 0.59049955242487007
 0.21430847630267397
 0.70603165826379843
 0.078355987416062797
 0.3057430132174021
 0.64471509789056614
 0.79614929738121509
 0.7165735800379075
 0.77925640549669051
 0.32911801571450577
 0.041754164276453884
 0.26517192623877167
 0.78388549738599145
 0.9583636466560731
 0.67713434269654083
 0.32240578914653678
 0.49069479918393305
 0.14108921816711523
 0.22171349825486436
 0.55886316371671763
 0.88291823963886729
 0.75168874884733261
 0.35450055332068769
 0.63403019935674021
 0.59174710132062547
 0.26166670658440055
 0.55788797849740146
 0.77654034781655568
 0.81768723024304246
 0.014414664200669548
 0.22368173323774737
 0.70545138618170067
 0.58328436036556741
 0.71677758444592765
 0.14034936277127369
 0.15370763768719525
 0.21148001505794972
 0.64314907836735546
 0.48005990825315165
 0.99536237580356024
 0.93093914947175338
 0.88170753960949722
 0.1169400966004908
 0.83606546750530819
 0.78753708151651569
 0.88556570063260376
 0.30230120201855254
 0.86104032240717177
 0.49787630547507161
 0.85261056019006842
 0.42859847628773734
 0.20478282707704959
 0.039745480822016274
 0.68115951685406972
 0.86395649440302358
 0.54163328780455056
 0.33285769168369223
 0.014627207354934769
 0.45259987015047415
 0.25703034012702447
 0.36576241924052705
 0.4986597600312454
 0.48769962463392141
 0.49128439895931991
 0.94149313900061049
 0.27987319027072272
 0.9503393502352655
 0.96045181075162334
 0.40767560546726384
 0.25326353136499252
 0.53879868521185581
 0.24184112857784895
 0.27279655013894694
 0.9658141993960454
 0.01810960168284197
 0.58021642591757927
 0.78130443953680129
 0.5194233604214612
 0.022983972228768291
 0.11819270452437418
 0.68832091108878179
 0.59307892242010163
 0.0023849328773862142
 0.79044939317668272
 0.44819613086558946
 0.96178864790000218
 0.27466861293061789
 0.36777751196627401
 0.88146926924087443
 0.69172399454278155
 0.13570513227400466
 0.73579790265111478
 0.026428109892080821
 0.099918840376656146
 0.85292429143606041
 0.92885797523544855
 0.97784785294839982
 0.20574595807997748
 0.48519529394127209
 0.44082272909254355
 0.90303568644131438
 0.40224065828835159
 0.96903474294285863
 0.59946637081663567
 0.040344843713010878
 0.12446419630381027
 0.46770817363149503
 0.35908437138904242
 0.90894303111454422
 0.61762406517051449
 0.48698346770227269
 0.86082721121867234
 0.59573384184745004
 0.34468892579513272
 0.32525210756419759
 0.77269999458796146
 0.38852833312726426
 0.12531263994122449
 0.394621200280388
 0.33930094183625409
 0.10166417924984687
 0.66417902983716015
 0.6149028266158012
 0.25268281301228984
 0.1463232385819197
 0.70765626461169229
 0.34990026216458953
 0.080125553249454848
 0.057239805210374015
 0.10373343674429363
 0.10505487808949236
 0.96713237832960575
 0.069684646650021095
 0.79051013192041208
 0.32023288119073573
 0.87559732398941592
 0.24878134832710325
 0.40261733249488402
 0.0539672781594525
 0.75382086565559059
 0.17406418792625461
 0.83320902950576392
 0.10279421852788177
 0.36941069426021539
 0.26844120382713482
 0.60334633016077599
 0.51853884502248004
 0.41455738214013177
 0.68033753989547319
 0.22865926452936164
 0.1811380010687797
 0.46662512912764437
 0.53723210759899775
 0.72517249605021661
 0.20978200806073238
 0.9610907992754576
 0.3934446571434112
 0.58463531541522262
 0.77810531233838176
 0.2802800158792062
 0.48481672926876013
 0.8224399097986429
 0.13333379027628661
 0.67071187282172573
 0.26993778479565372
 0.37000525009510693
 0.92521770509192391
 0.4564757085534919
 0.85189361932110319
 0.085669840813961048
 0.071409229936667915
 0.11109394048590686
 0.095581624326761025
 0.43642346321513775
 0.45744289706747926
 0.9025687267664162
 0.35105702697765589
 0.20728704407875936
 0.12696959393160107
 0.0058892638512342719
 0.46322583082119412
 0.98850503031669013
 0.5981515493985996
 0.86395418925426704
 0.23197267242834579
 0.93733879617538185
 0.12122568974544161
 0.53311320599185519
 0.34115865714783605
 0.18135641296341737
 0.18053204741858669
 0.5769875757869396
 0.016604384546965379
 0.65242682815559438
 0.34158831545350971
 0.17478892644524174
 0.34531095802213868
 0.091264885733036857
 0.67955920290437799
 0.2582676214272242
 0.33352279982572081
 0.75260702883051667
 0.23972156195488697
 0.34692637535064846
 0.16325204532622101
 0.30878539014030276
 0.88755323700222832
 0.17883237455806572
 0.66977614688657205
 0.84796392805211684
 0.58103873218519075
 0.30251957310547345
 0.18369138740447594
 0.35013103997713751
 0.86659624399082635
 0.41937900070562156
 0.21083546163183814
 0.17734266077301469
 0.29063307649273967
 0.65783957267221949
 0.71461798907040797
 0.96789760124319935
 0.79961542654357542
 0.12692281872395367
 0.3705545199933426
 0.24694104493109054
 0.91732506723879614
 0.25969688137690045
 0.28943509674017659
 0.28797169652449667
 0.78805884471138032
 0.75889312801801623
 0.92658637297198876
 0.20969751949977028
 0.28586379632408149
 0.38060353393125651
 0.40427546945558873
 0.58440971068831982
 0.84547889604290105
 0.76906942530472866
 0.66642135731773466
 0.99040218874596031
 0.75898043704261853
 0.39412917774780815
 0.24450490918694584
 0.19767255242473808
 0.68683772068795923
 0.9523190019267791
 0.76916937377477079
 0.90664109681469562
 0.038670690554071394
 0.04497264570818553
 0.58823049008813877
 0.54167351071841097
 0.45261968713629402
 0.6636904044123404
 0.39772739976114196
 0.23268600398871214
 0.3816387470764509
 0.51863051257875636
 0.49264482465250342
 0.065465996973707405
 0.43698237851480665
 0.50203119978243427
 0.06484263295487884
 0.89433149616964025
 0.17354519119026407
 0.97566500709358694
 0.38833264024086783
 0.11075363014012789
 0.53713136237275749
 0.032989284836291308
 0.933900112202529
 0.99057663100418736
 0.34180996730152541
 0.44807994807531065
 0.7486659845573822
 0.31997037199297867
 0.2073142092294043
 0.7595613309642969
 0.85829139816369393
 0.4330570637759818
 0.11360037563053864
 0.81394530671668175
 0.62601631201542651
 0.76870983332485254
 0.53805389187609576
 0.81515554534536172
 0.26897519847967483
 0.576776484066439
 0.81965289011610976
 0.93763886198742019
 0.18774417593203235
 0.69902594704442045
 0.51330875571939172
 0.48949619768658809
 0.23956622881330941
 0.9666599634313281
 0.88936448046599781
 0.387562071001535
 0.03522148759188852
 0.2344493868438719
 0.59730338631386659
 0.87213072050710316
 0.46865211446016114
 0.47316798462986681
 0.35908904035061667
 0.68539059297580862
 0.20631081487616204
 0.99401636957003237
 0.75572091672737851
 0.35154137115050138
 0.17973764176262247
 0.82694727783550748
 0.93803803960082666
 0.080868846947343462
 0.46492870223591859
 0.24005786164784687
 0.03353262077142731
 0.1753429142685306
 0.64801918133060488
 0.31435343583124692
 0.64569519319648927
 0.76981587687107211
 0.079582481910788247
 0.9778739076463242
 0.77532936908366668
 0.73081605386530379
 0.79642998269425069
 0.95661842165544686
 0.25772695108672145
 0.54770205169844366
 0.71468204958631709
 0.10158205343960262
 0.78517027536161021
 0.40530678117389501
 0.60715730034173832
 0.61743849602390799
 0.51555808997805352
 0.37682972549586496
 0.51552220669961124
 0.95412553736603467
 0.064072870401128898
 0.43904588196758682
 0.1284772325130647
 0.27082108986014691
 0.95799963598943627
 0.99264736923427288
 0.23855858388963896
 0.95925577951210439
 0.94452716446381735
 0.81045129220690471
 0.26188116179038029
 0.31425522372164466
 0.1236100134155687
 0.67487152533837724
 0.29377921087914666
 0.29945927266593247
 0.1485340724310385
 0.32811874413067116
 0.81799671745945424
 0.16138997456462661
 0.33499273119175027
 0.47877583546597019
 0.86284038876531999
 0.0757025731944551
 0.69670004674084574
 0.1397617520368602
 0.6741850490946818
 0.52005182149398976
 0.91699177769594808
 0.55224319349732331
 0.78010316274885727
 0.98513310822217748
 0.47641726919592714
 0.90177026679972583
 0.17878536385734706
 0.23123339650667024
 0.00099010059272734989
 0.50745760537909446
 0.72282494939784192
 0.7288023138109081
 0.84116563724179816
 0.19544458108348722
 0.413263934902174
 0.98355871594264721
 0.74954918723567099
 0.46925389143583379
 0.81048480734468586
 0.41498153999654536
 0.70530759702900436
 0.9126104927083033
 0.81286929593404067
 0.96842425602769389
 0.076110654313259848
 0.55256375835145033
 0.98484479064498753
 0.78381365328966235
 0.43077552475390152
 0.6995968842635174
 0.3794335925742553
 0.1356847495443782
 0.058090292385449535
 0.56965464861223414
 0.55977756054770977
 0.56713825852967992
 0.55078434860772107
 0.38125624571157563
 0.92518698538969013
 0.56213639078188138
 0.13216960574745579
 0.76814732394637963
 0.69674229767994134
 0.76635382642958505
 0.57596959959272431
 0.73931302054953008
 0.12546175310181568
 0.91959884873855846
 0.53582104682118337
 0.90960579340071057
 0.15853680424858191
 0.9456239244408241
 0.93233171368283319
 0.79366012896030769
 0.63700410636310634
 0.35332768336256365
 0.72979393862163211
 0.45854233160153729
 0.73720416625681873
 0.30327864793483489
 0.90379067181862549
 0.96936963418199096
 0.21549930583433669
 0.69486149028516853
 0.81820283003238803
 0.96010996948534355
 0.37437853480235211
 0.45805944127165327
 0.8614719965959905
 0.52670168731718758
 0.17307667626780671
 0.057344365170057962
 0.26099941523326647
 0.92660647848049627
 0.1714592998988515
 0.36849892829797953
 0.82660469960858174
 0.4694592157067396
 0.7161754148604329
 0.21381700322997693
 0.37859575327925571
 0.0056747634630018194
 0.78630705208928409
 0.60769408848126683
 0.96080290715421957
 0.55893469533803486
 0.38914439565195652
 0.12120965190169568
 0.57978940330494111
 0.7822548885388606
 0.28762738098917268
 0.99591555355592176
 0.34496789997820881
 0.6993350604843811
 0.72570738190298401
 0.84160497130052581
 0.52262246667554468
 0.87389252225504577
 0.82388536007062962
 0.72953165977529144
 0.53703123833712441
 0.90084438573859271
 0.58448408924957929
 0.031867311146324837
 0.90036918967752499
 0.059179205302586288
 0.86167286942792243
 0.042890340009945113
 0.84644510721454602
 0.45660380557425223
 0.83271444115912419
 0.96549757398217551
 0.96056039954074213
 0.77384404112370997
 0.24683123426254466
 0.94672822416041191
 0.040369300251468163
 0.41135512531817781
 0.11162205567429266
 0.55775270838986812
 0.55796659559002959
 0.54055119804752394
 0.34201327981356094
 0.82416097933818
 0.83318930271645186
 0.90122281784947189
 0.23722675952308031
 0.95437125747107721
 0.84695430700057861
 0.71400981934529362
 0.95149989918248801
 0.47386355050042767
 0.48994199513586073
 0.060149879090637778
 0.93755609490987946
 0.23910004162966764
 0.91735550334065286
 0.43821885762006269
 0.47746095580830655
 0.68197320465341726
 0.89295427987522902
 0.37766212105964764
 0.40140722788934097
 0.90743271495227651
 0.89652188512241593
 0.85330891619849991
 0.35889561233586881
 0.013043712185866242
 0.23998965541923184
 0.40811634543993652
 0.54122323553537299
 0.98547326480037856
 0.81693958449356874
 0.25472313475614566
 0.44393538063621746
 0.64526460903181826
 0.056559904462031782
 0.86829070656146068
 0.23318279158879224
 0.57433201091245589
 0.32021228057067624
 0.079643407893799464
 0.84721107512758809
 0.12193723541330474
 0.066337022974970503
 0.83204195992024932
 0.90720194412650379
 0.18162886664586947
 0.23621760465369551
 0.24427598931599198
 0.886591257973802
 0.62301005975962598
 0.35503924295080375
 0.6582139091630399
 0.18837180789656099
 0.72325153160863531
 0.50242930746455128
 0.27506687246801292
 0.76788364385729724
 0.38479429502184631
 0.9039594557677546
 0.8858793039210533
 0.46347680631670068
 0.031161967184909312
 0.93866616905810818
 0.48608487247587068
 0.055679885334133525
 0.97995303575498627
 0.75341952668214762
 0.050831030743435687
 0.40531946883047348
 0.010606033117861392
 0.51083410911502103
 0.8936914802168775
 0.0177956598959093
 0.0133110012089666
 0.021225177023291675
 0.31117237120688551
 0.81186348155184562
 0.62142389016494282
 0.088040213954134125
 0.24083161679486426
 0.40054302358276078
 0.16228230244471692
 0.6402355528990239
 0.558181976624471
 0.90762669248049654
 0.2540655199960255
 0.84909860318771957
 0.46169027691390957
 0.66324766548999348
 0.57784530274834622
 0.081090474567497448
 0.93862325662300627
 0.13975724846523846
 0.31693852959883367
 0.83839957638852225
 0.71789150739159813
 0.71604316685037661
 0.39221786914264983
 0.89385269069798756
 0.80038266237202704
 0.846811534588645
 0.25035788621629035
 0.52746805881682568
 0.34108708901773072
 0.8909459352174951
 0.20411107263085876
 0.65462029164180346
 0.020814174912233852
 0.96409760995244231
 0.20216459037161122
 0.97266828222698409
 0.58443306408808948
 0.75927565545696518
 0.52022338569513871
 0.66900311618304176
 0.91404981758083703
 0.70019189370632007
 0.077373728044915532
 0.45745040936266873
 0.7737433413039887
 0.28952057155827854
 0.32855621691733733
 0.97491591236497144
 0.096592583431061849
 0.10756612322707375
 0.13688228510910122
 0.96973923509719828
 0.03264839985982719
 0.59464775114949675
 0.26664220014176326
 0.24921374640407973
 0.90235450533963102
 0.19485530381351851
 0.22355364913485504
 0.70155116681220886
 0.94489592290033242
 0.22936492271932957
 0.52991393314353052
 0.58888472015219318
 0.88465506468053579
 0.65088473334759067
 0.012510070340731195
 0.41309065986372745
 0.23036734839110268
 0.20529356468252008
 0.059824189768825461
 0.18103680654516013
 0.26091432565333245
 0.015998640975797774
 0.95474123799498467
 0.44379508304605458
 0.48372601066355209
 0.45728835756789449
 0.62375900746029256
 0.17845906245727955
 0.84514306819021989
 0.41234518685670701
 0.19230355123069259
 0.58523638839707715
 0.7193660475140794
 0.69938954145792109
 0.18708390412575676
 0.75723188689568954
 0.25754618855366923
 0.53030386778015304
 0.53657136610135825
 0.27709465023747221
 0.83235512205927586
 0.42875749538849489
 0.8423990430691698
 0.29122808875984235
 0.40523709580891026
 0.66361112609671813
 0.087374684358432139
 0.35029010021445578
 0.91512920433667877
 0.88732374974721495
 0.54595365354548964
 0.71344172975594422
 0.46259285903208441
 0.6255823849144132
 0.95869337109470854
 0.23187338831334642
 0.24718492586733926
 0.28611212148455284
 0.91678632302928909
 0.20256019828608146
 0.74235878599996286
 0.91063193517915741
 0.44927108748674521
 0.16928638564484638
 0.68885758914352546
 0.89081442521133958
 0.21659607112012486
 0.31992733843503712
 0.027993628692176743
 0.47781015487906292
 0.80320724092926143
 0.54838570879614645
 0.55853907908270273
 0.10759639470128916
 0.71143947799485818
 0.82847169661867892
 0.58518676272427805
 0.71963105222464374
 0.33520470247247797
 0.97185859335287117
 0.86163776270949877
 0.4190616047816827
 0.86728703780376226
 0.24288551009130016
 0.44137290820649816
 0.0078582893252155291
 0.96971463859554963
 0.43350379790764454
 0.80093701556572194
 0.39888518962611347
 0.94451813843229182
 0.29593880037565817
 0.22279602259052084
 0.73228297177931789
 0.92289318722968439
 0.61509590474624476
 0.57490224578145621
 0.346737869823661
 0.044797837245950031
 0.39085101482468693
 0.65509097540363592
 0.54286631727293033
 0.83620495301738773
 0.29342815668457017
 0.29508862320534363
 0.31793745098788911
 0.74437800615628347
 0.75936870088547082
 0.038697204544287753
 0.22758697654274823
 0.56842488461440865
 0.11342660867748049
 0.48103818870615284
 0.46049964730690535
 0.55187493497939877
 0.38395796123775089
 0.6136290328896119
 0.98526272274019921
 0.71130114693985802
 0.0060849466216896129
 0.45605048770798012
 0.54919113488897386
 0.57127397008466219
 0.11467521630351078
 0.39872216878765904
 0.75250795029119921
 0.47677081167275509
 0.094512731438204975
 0.085506165862607439
 0.69456508851120968
 0.81899186908222943
 0.4844756236652466
 0.21349567369682726
 0.49867539417200862
 0.8035492411156322
 0.069512771650111313
 0.66628811159404511
 0.88693736426634506
 0.081974465934120652
 0.7631721259899048
 0.22405206570906738
 0.040236132417894185
 0.27031047136422665
 0.70411159365288933
 0.22141293115838406
 0.4964471147722273
 0.35739712951947361
 0.012977208543710362
 0.62542815142500185
 0.033127634810524317
 0.57503944611870772
 0.053060053004409677
 0.45822643225010823
 0.5375024445779315
 0.09152254541286424
 0.081866255297210963
 0.47037768585411094
 0.45654051941488832
 0.32069499511973493
 0.85715712886470152
 0.11875979701445498
 0.99231331054551175
 0.88727232592615757
 0.032514035102838942
 0.88236788729791993
 0.53901241567047387
 0.59521660926988096
 0.81270726705660445
 0.48576302464419102
 0.079474865317275364
 0.96982606194208287
 0.5169731962024483
 0.65348996717352315
 0.10237659289188321
 0.31798503279860152
 0.58911858336531531
 0.37850896636655301
 0.90558989834992976
 0.054381527900353374
 0.087532204389962939
 0.24011366991153132
 0.12514028866657728
 0.75243248454978195
 0.73047546479128489
 0.90731554842041584
 0.39439066695474184
 0.026390036732989498
 0.95455148456945238
 0.92037495879920661
 0.24338227350227687
 0.88936364630797982
 0.037001556262669585
 0.62091575843049274
 0.33722637876433365
 0.80136901943857308
 0.35103296949904145
 0.10738573879689366
 0.55000006896479237
 0.057234667217728005
 0.58713329058497576
 0.93653472005132665
 0.022777117351681354
 0.81021519629595562
 0.11781452989804557
 0.73979488654197667
 0.78166222199514734
 0.78890830763692876
 0.75584685176914757
 0.61185415169381607
 0.48672836960790417
 0.75499633838074265
 0.80216748822895423
 0.37302122911550534
 0.90909733424918659
 0.47367162069651753
 0.91536477496980395
 0.14225583001877057
 0.95960924804102976
 0.78715231040904232
 0.75550614865484056
 0.94806546471669473
 0.40338136283453335
 0.23560094471129994
 0.59324187206730083
 0.79328214849730405
 0.81775296525303176
 0.41863339688960294
 0.032889593574509532
 0.78503737670588458
 0.5644148517011347
 0.93956606451280078
 0.65101873000825905
 0.34756991136913434
 0.49166312763143688
 0.39980983026122668
 0.42906073214982215
 0.60556258924033668
 0.80142361927065342
 0.66141855249955861
 0.056479626383696677
 0.43028998512669964
 0.94962793805964785
 0.079350744240508184
 0.45658478494534133
 0.64580675489219797
 0.67058069670650589
 0.75847821602773802
 0.097223811848250949
 0.412090969367435
 0.0091042208586509694
 0.61948868742769125
 0.29261380278715005
 0.76741709128261304
 0.94398896119848674
 0.88209231199503724
 0.7525261600435954
 0.89793788491037996
 0.24471819089385755
 0.56748190267361498
 0.58558222759558087
 0.2665228505409149
 0.68496772312056553
 0.92554742336788576
 0.2632053872792946
 0.26855057807996302
 0.87564690526953903
 0.63502245201517937
 0.64922692416603189
 0.22136636769738732
 0.48850170857582481
 0.8233582106747378
 0.035604065176321573
 0.28898220921660706
 0.44764532677284602
 0.23552130794170173
 0.20051159423679726
 0.98111588204310451
 0.1579846394832411
 0.52998311321872571
 0.83241073930396592
 0.51657270977950254
 0.17431457411530499
 0.11926175722207581
 0.54445316739851857
 0.54225449277918525
 0.26734662122471115
 0.71663126046683112
 0.93226254509010853
 0.93880870182514697
 0.36705290898244242
 0.81352256265159317
 0.77665939953906638
 0.019141865685812155
 0.34983003669665796
 0.090498853856824255
 0.51106869272663913
 0.77678283304114548
 0.014584763916778477
 0.56060142328343998
 0.048384698541619683
 0.69436292331109783
 0.78668095196492283
 0.53307678734151343
 0.29556161276782927
 0.53884074920946146
 0.89633900726836357
 0.41946374841458228
 0.25316738356385576
 0.76093692380220412
 0.37859864664682646
 0.65504239449303936
 0.3635554574283712
 0.1409818718175882
 0.94369582234971983
 0.062442440116110928
 0.087687418176911322
 0.14376146105874493
 0.98267424109988322
 0.37646717757957232
 0.6652507860784912
 0.97916883878563987
 0.45527451391921231
 0.88579338905551963
 0.58915455870526556
 0.80496716506024146
 0.27056195335664007
 0.94908519246689216
 0.49478228823066278
 0.10594188519016405
 0.22603758663370704
 0.097437258185181938
 0.58747828561546267
 0.64752292956957569
 0.48514332674091248
 0.72698091662632425
 0.60470402377196486
 0.73338870405918888
 0.87896401026946203
 0.20690047156933417
 0.94547650008432116
 0.90654927414105246
 0.75276489776586086
 0.54326690732177196
 0.21879635548043236
 0.60238195354260171
 0.3627597562537172
 0.55309620535143511
 0.09692667125063141
 0.19760579438359899
 0.93137635134619501
 0.52077057851995767
 0.92369919177621018
 0.16478160109707102
 0.62051710870255927
 0.95165992186072224
 0.14718005937995121
 0.19043796164849264
 0.29924960795229655
 0.12840607871891513
 0.87792371451492712
 0.038680791415844948
 0.57236308134666813
 0.11782587019617134
 0.2825447344949607
 0.027861202196923052
 0.64082381182390624
 0.30541020536772362
 0.50080206772902958
 0.57370091602754358
 0.97673267900575278
 0.25436278662647166
 0.80741768476731646
 0.79902434161421998
 0.3272814189858147
 0.26237253538692745
 0.61299467363485816
 0.16191387942615948
 0.47359088046722603
 0.11494937182501246
 0.6488906739333038
 0.071045304154880237
 0.73052137018556562
 0.99183980698249496
 0.90682502106678131
 0.12247269397944653
 0.044870638820046757
 0.93920950534185121
 0.96535877507925172
 0.070377212745951587
 0.17887895547226856
 0.058757835730833194
 0.77724942980531986
 0.30737903315249343
 0.38188840313020261
 0.0013491127953423776
 0.576041005279324
 0.62159490287112551
 0.23817500063774005
 0.73206568723454324
 0.55016310755867359
 0.74917352474264665
 0.25411104126103629
 0.85153435656829779
 0.82497986171534254
 0.48423001214107625
 0.97929911173553985
 0.86550506878569244
 0.1334439983897962
 0.19736501064692274
 0.89242629890487524
 0.1932076176859418
 0.49197199607695535
 0.40798597985530555
 0.59743653971270272
 0.58907416451215688
 0.59654993262276346
 0.26665381509592218
 0.79482612751086923
 0.64517544375045588
 0.98983194378747141
 0.33549876631665315
 0.45571175570656069
 0.48240228133155089
 0.22171512134615406
 0.63142636199778568
 0.45770118748578653
 0.052882993193288749
 0.51642817957145648
 0.23481938255421503
 0.77911708344359054
 0.88102136242265983
 0.25550561226405294
 0.36388295599697268
 0.37667775681488486
 0.56046723614044414
 0.044768285623050061
 0.88501626351432805
 0.13164180728703995
 0.99992650748268563
 0.89674127370145074
 0.75450161383588599
 0.89944310496854107
 0.74313477523521432
 0.18961482980279337
 0.89094640521025259
 0.31278067900876999
 0.068387188324361456
 0.5700481045033845
 0.30871092071213019
 0.46696712070130725
 0.64352413833397615
 0.27923192886313658
 0.92772295982284358
 0.61565437727438843
 0.54570269319539344
 0.37842056895408899
 0.22920608709491647
 0.69394780714452164
 0.96609050325908785
 0.98233299738276869
 0.58629807531953382
 0.50731575210917168
 0.56739215617821981
 0.1212716878304884
 0.33876828896980732
 0.19523425975238157
 0.28747282229046739
 0.43955010040003034
 0.8723469590730597
 0.67936904483592442
 0.70043832717759225
 0.60353636679567124
 0.096772316398066202
 0.049387259971311256
 0.81117453398995221
 0.2418699713555707
 0.042028020215176973
 0.3055597946358441
 0.70320374960755105
 0.77033483810952763
 0.65771471313859498
 0.60558568757178888
 0.93042655632081972
 0.46407800337340882
 0.56295167488251607
 0.95581483035685999
 0.69081462289437412
 0.82206805846519804
 0.093168763985171418
 0.24806428226425264
 0.94988923147915505
 0.0181849216233833
 0.42137301932671928
 0.67303824669834844
 0.65774309085221216
 0.9205964736354294
 0.70110710221193384
 0.095011792685820315
 0.77939281502395963
 0.17793075328933744
 0.61165174113644316
 0.72008591217592233
 0.61874206695242429
 0.13235934258992016
 0.64494769224607718
 0.24828498570538154
 0.68110153446043686
 0.38126043987315233
 0.31384439185942875
 0.23812908311062647
 0.094530066115982067
 0.66084572638989592
 0.36718310533459925
 0.87519861408063282
 0.53741299525769315
 0.057387656274278928
 0.58884346679587951
 0.49511901876783265
 0.71017675862518825
 0.95616241129817525
 0.72969324652660927
 0.91747203683326217
 0.99852851387273578
 0.216900929242892
 0.34571314067734887
 0.88190285927454015
 0.43936583473462715
 0.47050274307350698
 0.092028047282504175
 0.83380049078404084
 0.67499863972847818
 0.88334145188131563
 0.60870927702192645
 0.64965984273898347
 0.48952611317131106
 0.7803747407904994
 0.70810066583118192
 0.29556908506728613
 0.18967300074994026
 0.17254036878884899
 0.35576852629169303
 0.50536502118464821
 0.67176742377802556
 0.88906955833863177
 0.16553589343408054
 0.35778476178216806
 0.72334749517950003
 0.22261059236497943
 0.96325184267880304
 0.72188609414065741
 0.43891438674583499
 0.98222244260498481
 0.83059218166002191
 0.45137992121162668
 0.2874166549411597
 0.15025308952295485
 0.42940970585030619
 0.055617637470531875
 0.44957096595096363
 0.17389964712798206
 0.60245107084035709
 0.81342688836364441
 0.70157200109150164
 0.85009134802440756
 0.014079658432353637
 0.71873969806592208
 0.8640505257160277
 0.78109656570116248
 0.1158760703915435
 0.34142556251339889
 0.2078634672667668
 0.70821930499300334
 0.76711189638102806
 0.80213582481142742
 0.90061124041612473
 0.11354940186497701
 0.026866350892968783
 0.19050671954390058
 0.08397274950102411
 0.20729397165271685
 0.89479666998226659
 0.49174559624485742
 0.019179453539100933
 0.21078568403626191
 0.75377066356384315
 0.45492258632491228
 0.58967252340867038
 0.48965206447761617
 0.44862422539611163
 0.62455420956746677
 0.51222076670706651
 0.53436629364840471
 0.99659978776977387
 0.59248668519299552
 0.22986290584310515
 0.05526856679454932
 0.35664584263144011
 0.96577262666084041
 0.31890675171317434
 0.78776290785789893
 0.22225525205108126
 0.0047680633879118471
 0.12347598254541907
 0.1921179815198904
 0.77532123585078538
 0.19204719634354045
 0.68680213780077182
 0.09173226153163154
 0.89734317422115861
 0.7025941469093846
 0.055422737369505468
 0.29556742713484091
 0.29418727789188998
 0.82405315153368541
 0.23684942926169833
 0.54771508573196825
 0.1186655600787863
 0.63172516968220016
 0.27802473521248633
 0.82243444053761272
 0.60283758468231263
 0.44599225613609011
 0.63444213807354655
 0.82405748870909434
 0.058589260953442787
 0.36936041855767282
 0.94372431299754611
 0.56410091029238807
 0.84121486258657108
 0.11234502974592268
 0.37186687438825466
 0.359918321322865
 0.7818437711780305
 0.65289259375391007
 0.5112887531205168
 0.41066991009941239
 0.90145540713416272
 0.79065887777798383
 0.54558995717464343
 0.23840512786974805
 0.66996552556914868
 0.26332216710232664
 0.86096129317226944
 0.014765213844293235
 0.6693482817333043
 0.84016088785601317
 0.60527604282800596
 0.88227135171664117
 0.34015129317968756
 0.47650617743311302
 0.71555219933742753
 0.60832107008222835
 0.12461326926728071
 0.28359287749611989
 0.64250841990696972
 0.44173616576629154
 0.92700904270797957
 0.05716391591395735
 0.67276081424923762
 0.49718983109405174
 0.72595534728654931
 0.066067295336353513
 0.85099998366489482
 0.52779363598758788
 0.75982116082784601
 0.44408910431919429
 0.28343329961439673
 0.11492328457640026
 0.018925579636868074
 0.68635261391994951
 0.064495078962147165
 0.45327070310997625
 0.32867066177233545
 0.44694129219686424
 0.19077399046844062
 0.36015917191423935
 0.80293002217183729
 0.91241847073304394
 0.15753090778206452
 0.81284910170174118
 0.08462620925388635
 0.85744194887258107
 0.54257142400690272
 0.4314479357268643
 0.98260230207939125
 0.73631167965075028
 0.96423151690853037
 0.46731773873691146
 0.70274352323109224
 0.94426333772079196
 0.47524356867333056
 0.83200588998452663
 0.97587363443941133
 0.61124935211551257
 0.72740387634477721
 0.80060925952606798
 0.56068723079266192
 0.56331798407179046
 0.88173140942118322
 0.031848350151972446
 0.95070891783243505
 0.14678074980259354
 0.087915057017906625
 0.94564410851472325
 0.18367559269956629
 0.9644555302466844
 0.56710862967526188
 0.90924523275905555
 0.59174227196532592
 0.040234445009500283
 0.11152060500266629
 0.90367922914735277
 0.74345190999221955
 0.036497373464956004
 0.3158813656321145
 0.45622843334949453
 0.89568602916360562
 0.50339205867211767
 0.85578657343221143
 0.65257329534544628
 0.66163274094841851
 0.81439829720987755
 0.56396554877057303
 0.014662393582947009
 0.011915433383112229
 0.82132231922063226
 0.42593510313998656
 0.63201633369308052
 0.96008432536115695
 0.62710599341609885
 0.32086832391814907
 0.555728981666197
 0.089848512027682889
 0.29131748299965837
 0.30638860059393963
 0.60837375893519063
 0.087876784335148492
 0.64463986818767005
 0.42271610619220029
 0.93393270876398959
 0.69421839775953387
 0.51205225043147473
 0.79095356594066413
 0.85436429732537267
 0.20495421895994509
 0.09326582584452496
 0.0030044964020847107
 0.18492053328687347
 0.93537019361935858
 0.045079184093379784
 0.31311235794449815
 0.68131188676064636
 0.15064331019628446
 0.35847925857702229
 0.97271418001521903
 0.41267191204506287
 0.42114380803330614
 0.32649299176426022
 0.48581534605209536
 0.61448189272884157
 0.80507300356719003
 0.65188515843965478
 0.038048453265667789
 0.80379623871096573
 0.53111971187418772
 0.015142686727779565
 0.67317727081727585
 0.2795417552556681
 0.60819047233063783
 0.59296377083803964
 0.78972354072942119
 0.31610875381657294
 0.76238948515085059
 0.29307243962085588
 0.50601407863597991
 0.29616647884271091
 0.45496112499763081
 0.27432932558043371
 0.074719000697978918
 0.84270656579951897
 0.53057301848696614
 0.14945578087568262
 0.22705525023026457
 0.65836656049149589
 0.49823363905653845
 0.6746737601443924
 0.402260173293636
 0.2761829756144743
 0.10610576952564925
 0.10421060457966962
 0.71744396639040831
 0.2594344484449051
 0.22671853953597959
 0.68457937737628083
 0.93607965523846881
 0.10524872843932802
 0.6475995624148887
 0.55577778654611687
 0.0404622755787825
 0.27778847338519858
 0.30278464850072623
 0.79100926484773371
 0.9449926667037275
 0.64637498168176677
 0.63129641830223471
 0.28637604704698943
 0.38156465956675539
 0.41681662111243972
 0.92020569145514475
 0.70323716088071075
 0.78610926358367084
 0.37701551726633625
 0.97410825328108619
 0.041438707364056346
 0.68854175258206352
 0.66995213297121547
 0.49876016774841631
 0.87649268777365974
 0.2810712103855087
 0.84126775374912843
 0.19398860727204231
 0.75159201257171526
 0.85613107290181656
 0.75403175530734023
 0.49874525048734303
 0.73913086290193908
 0.7965246550103865
 0.1357442306834738
 0.30050127969263046
 0.94841446085867742
 0.80406285317885229
 0.68316559970880575
 0.4928979644751344
 0.25449735264116663
 0.52091326889375611
 0.014101920927897572
 0.060370681089114517
 0.23705853177030572
 0.27204663542417057
 0.97536624480355705
 0.77557856018387128
 0.063900762641478967
 0.40351632393464504
 0.1580889753013151
 0.96407289815947139
 0.084906868849029468
 0.68632888090523458
 0.057492946257108032
 0.21843098889924722
 0.17892504637834478
 0.72967371673336223
 0.27021699401534488
 0.19919439027079006
 0.062466503036188878
 0.8023946628941323
 0.16808247973190066
 0.73513607327022745
 0.86497767155199146
 0.3089132186564098
 0.64877573071888561
 0.93968961360121928
 0.41556309236314909
 0.16672045676366071
 0.51688453046855465
 0.88724335867966475
 0.27476470493488753
 0.62817059568980194
 0.11266754903304137
 0.24222738580085984
 0.84630259810055586
 0.86863974364262331
 0.51741035603060537
 0.41476973059011851
 0.26668961283406972
 0.76950434551848035
 0.73792394294790264
 0.15066200313745465
 0.31173527346026014
 0.94797915310315983
 0.71060664908866367
 0.97370191292903474
 0.19952120549865876
 0.18364928573407552
 0.54619394581082781
 0.73471643161631184
 0.098793361344751404
 0.69716095581822024
 0.31359387754502438
 0.9855597071624419
 0.30035303285367926
 0.99998564679275204
 0.79842373163857538
 0.6607504493107812
 0.20732708697095031
 0.41221331697373403
 0.79655841096446278
 0.97477180871204239
 0.73355155521057902
 0.33130250541981349
 0.54803777926300457
 0.11199191664378509
 0.89046525105060048
 0.11367957375131592
 0.65328387318700676
 0.8588938948627407
 0.16013107989893477
 0.28344069564093949
 0.41091988579074806
 0.62177514274206125
 0.89416829668228948
 0.57500143578156127
 0.52946850843211901
 0.027989868472793878
 0.46856439565445479
 0.5915232240431787
 0.91931082754564442
 0.96120685613261125
 0.86537557291380096
 0.10843224644055442
 0.35917160235639017
 0.92029937341776724
 0.68700451258909756
 0.95524018044258641
 0.11461980069453308
 0.25025633908534356
 0.11544035523658173
 0.59634977086770358
 0.82633903803957898
 0.33608827724970441
 0.35358663426338671
 0.82065644000310112
 0.54153938736434504
 0.96435529328473246
 0.6311093036418588
 0.90608585402901098
 0.88727401453593846
 0.41157549457761705
 0.11546816350017079
 0.53234745868006783
 0.60564358334885438
 0.026665040843339805
 0.81664160607172975
 0.54064082034627448
 0.10118693113352344
 0.48236941669547323
 0.34678481255659782
 0.89564497923684061
 0.77037593127839399
 0.41275596961377919
 0.039595925301598098
 0.5189757179441904
 0.92409608771284579
 0.27761021779813716
 0.3594423683454499
 0.14611091505180424
 0.54645206203461338
 0.53434396762377423
 0.66623089100542554
 0.28377678736860118
 0.063421023863930379
 0.34159336308966387
 0.54617109317407431
 0.93134734532882979
 0.034957256874178208
 0.5718813708432402
 0.79288586351109835
 0.85011497038276862
 0.075974330050958147
 0.98551893310634342
 0.82099284365196923
 0.49794759795179394
 0.19874485032235695
 0.21854633828018738
 0.4778211680485151
 0.92357081373269545
 0.25135860841116292
 0.53871896097636596
 0.61144155854746718
 0.18196355800711311
 0.43868588347193987
 0.56485451895626904
 0.77741672830091768
 0.58556792543274538
 0.76332165798708063
 0.50661675338716672
 0.80347354837102514
 0.20503120985857232
 0.65860650978900293
 0.28075802214995765
 0.18767327453825949
 0.14441006381362714
 0.58186942594951574
 0.62981480348208096
 0.27152321549728337
 0.65177552896790936
 0.39805225257579274
 0.83756411295492073
 0.93617124308787691
 0.72986981656979433
 0.75824700340024276
 0.91259337129175233
 0.51725744616551483
 0.26804285414964696
 0.50632330488932709
 0.17358631901000393
 0.071194133842358551
 0.66248685427301457
 0.12930788620142303
 0.65846476965921297
 0.98415189765499822
 0.19244271417022313
 0.17048877643864918
 0.36203161912555265
 0.87109846705715144
 0.11576095892804876
 0.15462817260193279
 0.51714153525820916
 0.61069695893433507
 0.85867941289248095
 0.82709420106886611
 0.61746728062815404
 0.80945725826608739
 0.90013117148579591
 0.52036604946089593
 0.61285622383889149
 0.60542707505386972
 0.34915251833229405
 0.90533332788120369
 0.98684437166744865
 0.35534799943764722
 0.79871455501781863
 0.33319822253589143
 0.11230073080044504
 0.35806176440472598
 0.43166367504191877
 0.36493818485821289
 0.8728405761850041
 0.63575883015559898
 0.23092036052473669
 0.15286730288074141
 0.28368551922742075
 0.18840371569916442
 0.026445591772851263
 0.46813465983932007
 0.52042325475206341
 0.85924708731116561
 0.11857176314026056
 0.16164374018449362
 0.37451555111767759
 0.76014725611609613
 0.21307979936978866
 0.12846151169743475
 0.36364132336209948
 0.31559813904703343
 0.97247942604158799
 0.97022264534140212
 0.075597043741508815
 0.45464889093243982
 0.43559080760527574
 0.79784722692406851
 0.80528777702784149
 0.5894603281801768
 0.90756886834597594
 0.82786280509297472
 0.67132337111656326
 0.52467271557701423
 0.38459153997343493
 0.33779060061514549
 0.7011066960718253
 0.33565790405095558
 0.47736358059858669
 0.56098211589401248
 0.99640401046370886
 0.24221244463443997
 0.26418627968213254
 0.83882817372625251
 0.48743712257828947
 0.25338112842350463
 0.90605938177055589
 0.72680826714930669
 0.77666196181609182
 0.8441018193889831
 0.49259418203336375
 0.27952571744310478
 0.24329779046192818
 0.99349877550230503
 0.77977114130138836
 0.088908708989941562
 0.72293163816263106
 0.098733568094405741
 0.89807900958966247
 0.94788555631176197
 0.33217982167456811
 0.038685393901296147
 0.51730983653715035
 0.10370431697244957
 0.84732382974182285
 0.47784515152045776
 0.18596490913982505
 0.071626486285737243
 0.87148623509677825
 0.96500231313104312
 0.70251711440290399
 0.54284762511764917
 0.33788728827510034
 0.77530057406923569
 0.1689579237509708
 0.78438109578152071
 0.79429611327991434
 0.52695864198298581
 0.54718878562680862
 0.41980265605761508
 0.13136810236722612
 0.60683975199095597
 0.10384925197306676
 0.29098159870444057
 0.87505472469586099
 0.18775337221520511
 0.5375920768815271
 0.10094332140516453
 0.65331640316242767
 0.28583311252270088
 0.23854176014735823
 0.54804216490068092
 0.023964656887652636
 0.13372538412551188
 0.58853050658090567
 0.95677495333641582
 0.7795331980112421
 0.34106822177660739
 0.36749080863907507
 0.18380855297935633
 0.8653091772836361
 0.029263190745650692
 0.29947405179870229
 0.71617935094680596
 0.26299329064206739
 0.30774015171479158
 0.69352347068232822
 0.42673232308294679
 0.39661074582689587
 0.02087745871824569
 0.93039134061820417
 0.63642350256272373
 0.76135418620575457
 0.91405433528865732
 0.67743960150837557
 0.099067126195379204
 0.40617582538222979
 0.10700135759656575
 0.38950504066370423
 0.4264267800153399
 0.6928550207109756
 0.4223011198066236
 0.58880016273935831
 0.82283444405907336
 0.27359357715589
 0.46194232137155872
 0.32301111373844232
 0.14757654677351045
 0.55971415508497513
 0.21545100131911293
 0.60082402237059818
 0.81051702159492967
 0.85011443944850873
 0.56461883757961451
 0.39854900719836167
 0.59089753943819134
 0.33741309529036306
 0.056583541845394422
 0.95383843765504273
 0.90556877078747477
 0.84007891218371178
 0.65938258057677068
 0.28514183328408066
 0.28628220787229014
 0.6325401316051773
 0.68798206782781635
 0.92065346544380788
 0.79198344486100059
 0.61738491213717872
 0.27630036761099058
 0.28653448244743923
 0.25908257910795035
 0.85355671617053608
 0.43732976537333396
 0.76883088449769743
 0.19872386625818611
 0.66798970290617632
 0.057265405247046194
 0.71589966936047189
 0.40658470691249121
 0.13253505065539301
 0.090087120061145873
 0.96355114355971772
 0.44802264950248233
 0.55152752883271883
 0.0038413525684510173
 0.12339440686683949
 0.56378833049161781
 0.42054190984804446
 0.62021894203242101
 0.63450608061713809
 0.45034544513638158
 0.81034085870160344
 0.66498135973536188
 0.11825837075878758
 0.19123037407023141
 0.68886002628183896
 0.80355690224362741
 0.070618843300585585
 0.8393617185447303
 0.3242792420731499
 0.30232621251082131
 0.99303418940576427
 0.90343688830967062
 0.070821351012072029
 0.75609947698086988
 0.59836090509787754
 0.42544905753250611
 0.9562994325196168
 0.23978433070987243
 0.32097901378285737
 0.41415149812188307
 0.72921315442593904
 0.97354871268990117
 0.46361768640551665
 0.19873234398382006
 0.35952082434401161
 0.41530864827987551
 0.50276206743075835
 0.031782401997102847
 0.68539624328679094
 0.64123419622769995
 0.72582524130584125
 0.96257553158120301
 0.85589938948887156
 0.7341135649342666
 0.39778807508372277
 0.88756202256948014
 0.7134894462257162
 0.9602784123523963
 0.56055571183102582
 0.20662661969937973
 0.40375419701053444
 0.082861840507222714
 0.062214303649671773
 0.11469008207163615
 0.050771855109962225
 0.68428508148709399
 0.56534960183388416
 0.62304874924858078
 0.96798675728800332
 0.034819483522304837
 0.26619184624407805
 0.85082988731075548
 0.5218139416919847
 0.92181709564106029
 0.9694053293974183
 0.43426993522683816
 0.31117372608645449
 0.80327284390752896
 0.63446358176335138
 0.61545322863600793
 0.13087417405563267
 0.51467184961828139
 0.70274894470866212
 0.29692534625791994
 0.72419216914260598
 0.27208537728970589
 0.43336164638800384
 0.8421892305232731
 0.95981349413267447
 0.40736215157223493
 0.52961630810749649
 0.41570142563335116
 0.85812718274464317
 0.30036458232580171
 0.37262193593653997
 0.44180455968380211
 0.043225717434409769
 0.68926154132276118
 0.29971807186249128
 0.75654107381231672
 0.84246513510146015
 0.45346006981665327
 0.20759315469347767
 0.20695883080233263
 0.5251985626105572
 0.84008378683626139
 0.82823079140380373
 0.17798479869522149
 0.83601171899344984
 0.00048713025833284628
 0.81602307723745249
 0.83445122886798595
 0.4437573139897602
 0.38803153893222314
 0.31891458584952054
 0.86616512494503284
 0.93160353137552665
 0.90971261395406577
 0.11188071802044845
 0.8851333557197415
 0.52429032942913412
 0.84378778320252013
 0.38817816874176775
 0.35530616574743606
 0.89012885797174079
 0.43481215732426376
 0.25030356724061259
 0.068529772767760885
 0.16133509604642765
 0.65189556719620989
 0.37387083237601376
 0.25470799525110482
 0.31287274193179621
 0.75924709767676435
 0.14113426343773267
 0.30406864917196691
 0.067702082468828514
 0.16912635570643747
 0.96032623709073373
 0.2231203135075181
 0.54162582591443609
 0.16442890006361216
 0.37812998775850165
 0.9898933676669297
 0.55394364688146003
 0.061669784681484249
 0.33289953026262492
 0.72415741138510847
 0.9063053397252725
 0.42442928762928495
 0.19161510381546937
 0.83881184047816648
 0.85724204518140079
 0.94260620443978493
 0.82173719128241129
 0.078124114635507433
 0.79290915560521325
 0.16208116087187502
 0.68138399120026283
 0.48975166542935428
 0.91613354478916742
 0.025022329807400646
 0.095654668811905472
 0.36049170209036036
 0.51701246731447548
 0.52859864187440952
 0.26616529014927465
 0.33862410594574183
 0.53650880077516772
 0.75247812866182795
 0.42617841513647176
 0.65384563886762037
 0.057247414310706055
 0.73219052707945675
 0.070243844774763461
 0.65728680467010903
 0.36998846530579671
 0.83455147012825659
 0.2323630327108222
 0.99148799999366544
 0.35363580373544584
 0.36613154490549166
 0.45898637319835883
 0.84259591308404014
 0.21608269344741554
 0.57168384120644855
 0.44805810409991559
 0.71374616521280287
 0.52544244922456762
 0.35644972802847702
 0.57837000626324764
 0.1299334541259401
 0.64537531135714921
 0.41788407978164627
 0.56549919257621661
 0.18501060400145491
 0.28502223223262529
 0.89560776808197884
 0.047711467681292349
 0.42523405782705553
 0.55734354162700173
 0.38467297862886191
 0.00017014732014479782
 0.3264541627189988
 0.40194114399682818
 0.42229431639793585
 0.95522090707593377
 0.91325823643664705
 0.2269390858973131
 0.65257120556302806
 0.84839137359075956
 0.31810877893951889
 0.47098026421411238
 0.43482071083234614
 0.87169156035408057
 0.25663782335721291
 0.61446880244214441
 0.2627325297730751
 0.76002285945071368
 0.65853223915686354
 0.38091368028100353
 0.89261973155356245
 0.9878315478380959
 0.50804048916869915
 0.35541223756590984
 0.52082112106282874
 0.59532827362537666
 0.66993451375524049
 0.77805824356906406
 0.0070453150877059388
 0.12683624286973522
 0.7904360665574266
 0.60484961760139611
 0.49194230145565748
 0.10248349953182138
 0.098740266268987728
 0.88350004722186992
 0.52783784629567454
 0.034390226994185411
 0.91939902559701725
 0.066807353696452229
 0.99436101157401957
 0.99410297490477995
 0.12904851979853021
 0.52666616791966081
 0.47073879401254309
 0.036728145213918359
 0.1133718101540208
 0.93929218659853386
 0.015390521305658923
 0.9542700520719386
 0.46194605734046529
 0.51578522765874601
 0.66685717711379366
 0.53724719665913212
 0.60601399691292868
 0.13924336858084357
 0.41292659453606123
 0.28503465727007354
 0.61400035291248767
 0.64212794135198414
 0.27194599889856791
 0.36916923594029311
 0.14466125877436792
 0.19407093369568534
 0.31903283902850071
 0.71445325546937311
 0.97474355511167454
 0.692774439884703
 0.3346659950292073
 0.60256324846505138
 0.20264296001101795
 0.38251997454887038
 0.20451100421287888
 0.35911373705108646
 0.0079698206981622562
 0.89489917537857311
 0.9092265056027995
 0.20691046094334969
 0.34048467236299712
 0.074658434613170607
 0.80561439366219278
 0.26872677723557731
 0.75138074422324574
 0.0043368593996824687
 0.32717355330374182
 0.80744007521038885
 0.40672298519745148
 0.17521554141888379
 0.86259483385941083
 0.75294135300512133
 0.90261611986579826
 0.10175809387706873
 0.78115787794697067
 0.014860831051534063
 0.78485555959695064
 0.16120471113035789
 0.1422730770262321
 0.23775158850061734
 0.56036174777780623
 0.7828248138012216
 0.35292507496238895
 0.67142274789098
 0.18439884788344468
 0.32260644957843571
 0.49633751327743453
 0.7634314774553147
 0.32320551748438858
 0.18397048603802763
 0.10785942354333704
 0.11347373007490107
 0.24637366759100682
 0.46308604521134539
 0.40186112995922924
 0.081061432882212278
 0.93242597652957138
 0.66659045408792461
 0.011313160770007148
 0.62613029912390672
 0.59342251880322383
 0.89169268047700334
 0.62602152383820109
 0.15455802666666613
 0.84361558454860275
 0.423510291241531
 0.13078857620486811
 0.46650535275097388
 0.37977242123891924
 0.027631179948647101
 0.52524033496807654
 0.91765584067155259
 0.65798646517075432
 0.52621279607717786
 0.90827189743187453
 0.51334045725456778
 0.40073792177310447
 0.55318510098143081
 0.94630258133771128
 0.18987141345769726
 0.45400439064820147
 0.49685605885881473
 0.07569478100817699
 0.78430342030429445
 0.047271469957937004
 0.51670420843265541
 0.2010921880886733
 0.27758685029827895
 0.80635078702607677
 0.742583632141256
 0.72417171978668549
 0.41824784070627236
 0.35595740512267354
 0.14671151760775686
 0.65616260893499034
 0.86430667002458283
 0.9431079748650516
 0.13633465391084382
 0.59512102382420207
 0.28484941549434456
 0.41734067605519282
 0.29037180853064376
 0.74282408081657203
 0.83252309678390324
 0.0058490547998167218
 0.2068498393309684
 0.55619792727513218
 0.44846372936218476
 0.92099530576069188
 0.8925951027025939
 0.079736678916407164
 0.4258204721060101
 0.17421418543267847
 0.26722795157156037
 0.32971826179235947
 0.083580280979732621
 0.68538105312438402
 0.7959647941175455
 0.16648103918260632
 0.53343992695125042
 0.026469061810886863
 0.46533584809120226
 0.96557681437972431
 0.86009987940877741
 0.62927156234112558
 0.18441166283066329
 0.057528763280090531
 0.18556311372325857
 0.7505101739944654
 0.41304594145432622
 0.60189854621191718
 0.96305083061270313
 0.28013021856946213
 0.37128230520274069
 0.12869366652460051
 0.24335510430236157
 0.15397203737714199
 0.31958475752151966
 0.50010352592694063
 0.14651130560116626
 0.48360031694485744
 0.14323950333793117
 0.57291215394339023
 0.79214493633167915
 0.39121140302112528
 0.96049187393720359
 0.10101233036873074
 0.86273509557461225
 0.94679145953228394
 0.18505798039173632
 0.47466623304014094
 0.57967211356387871
 0.15046032690378047
 0.014799211151307935
 0.89209502351487491
 0.20549288770414859
 0.48670270714672365
 0.052819165536092713
 0.42621191343113612
 0.024188828082972225
 0.33968999309566089
 0.94639069853113444
 0.43211552077443099
 0.76618148588858981
 0.75845651253252344
 0.0024702559657659327
 0.61572653113852582
 0.7175605139295621
 0.57997324691160523
 0.019560705983231497
 0.83279226473281132
 0.44669801001147841
 0.67990222961961289
 0.41885816243475821
 0.72224785245738821
 0.99937720165343702
 0.061936466310126101
 0.70446014806181012
 0.21427138376934757
 0.30321614039769001
 0.47773152346733
 0.64264641868489292
 0.64151632960136951
 0.5943787547757009
 0.72395061636884173
 0.96387836826181983
 0.018560151195851794
 0.023886531726382599
 0.60714191924408079
 0.37173157577393451
 0.64555993635881492
 0.11882449651573927
 0.10332965196857762
 0.50568925530400488
 0.72435106811084848
 0.49052934208373472
 0.45967303095405404
 0.39276654502203362
 0.11346562416713617
 0.0060002893327820049
 0.99603581416024622
 0.96090926590405645
 0.19556013941694134
 0.22463516755195895
 0.59469669002832748
 0.35817420836337693
 0.49189001429723461
 0.056669819314611833
 0.69213606939118066
 0.22755204039190752
 0.9325443479942771
 0.98124944881955656
 0.319749307780054
 0.85661859241306004
 0.90397662743773077
 0.79309662655601698
 0.024765639001918239
 0.44488894087595482
 0.82457972307201399
 0.23100679233766891
 0.23434230441702658
 0.90127450112326279
 0.22219398010542418
 0.29000753764839066
 0.73034399905041469
 0.48367629414414698
 0.67701904420154368
 0.36646654136208628
 0.9508665837559207
 0.77663705208285949
 0.84693272184672874
 0.42676128534743635
 0.92996030592216361
 0.63300842857924422
 0.90563123971123671
 0.42710615918259992
 0.7930751918361667
 0.034276354022197794
 0.32226698159716044
 0.32096535445405877
 0.59547658357761935
 0.58570502488729481
 0.47049583227735953
 0.61607923581450341
 0.25930205965318093
 0.10601430924659964
 0.19005174718856827
 0.92662320221221217
 0.914040310715872
 0.4256772621402774
 0.78341511955850907
 0.47228823413057147
 0.29135730673048849
 0.88855633585926408
 0.031497072648229915
 0.26282343736034169
 0.70151127913177191
 0.62388136388774151
 0.049908273706289849
 0.59133969604174474
 0.65112930638345745
 0.47662473680827228
 0.50768202470052115
 0.33443205052448494
 0.76575728258499076
 0.25037646846986777
 0.45725818799958989
 0.5315854608849987
 0.10689205959907792
 0.89519304949129086
 0.57332970152962626
 0.82174826950532431
 0.94327688663424258
 0.31482281156276054
 0.031743247756472678
 0.17053265639151055
 0.44891265773310024
 0.21581480453849217
 0.94581137359684653
 0.41383050979244146
 0.76487357413775126
 0.013542662377657933
 0.85500878514373446
 0.48817840540969054
 0.63818101047690845
 0.55985353711939823
 0.36538064022589628
 0.15901933016466691
 0.06709224875985513
 0.77593401319179645
 0.15568414161050143
 0.21295206651503135
 0.12302297765053442
 0.53194109943088452
 0.41940057094828348
 0.31921352220853322
 0.70861084224604609
 0.57835187098270557
 0.058704250038859637
 0.57635592906224464
 0.49302173023426016
 0.46974534283097075
 0.21523225474707092
 0.24964612632164179
 0.0075232130184873956
 0.77824163050463147
 0.6157403349259819
 0.48143277796217737
 0.084681698417598913
 0.61890835403015421
 0.13312213186034899
 0.51196856857054684
 0.45314622235978669
 0.48895104775900383
 0.49097699716882687
 0.65381223652803466
 0.052227006477374258
 0.14038769586658589
 0.53772384567865072
 0.076381956811997151
 0.63514346235966923
 0.76839179213660502
 0.87253469413821194
 0.18272424277565497
 0.72737878736252459
 0.075153246363549073
 0.97507079538898977
 0.4354296460952955
 0.58721353308420321
 0.29638758868497866
 0.97330265269864225
 0.079640344848955699
 0.14962336488904499
 0.38675654669632115
 0.79242051967189975
 0.093019617855258627
 0.49541462232239136
 0.086803035892180233
 0.48803198384334084
 0.37309474262090564
 0.88436399753729678
 0.41018805758285409
 0.74297354667833349
 0.85731041247885553
 0.91798150973763548
 0.94291494807551535
 0.74950848220002841
 0.81256279837532575
 0.65008193180513629
 0.010551334634732502
 0.18499082739491762
 0.71837900494342433
 0.82086437577239613
 0.39732629526184243
 0.60081760315030597
 0.81094131737782471
 0.15216059262498388
 0.26364247933414503
 0.39575833327025128
 0.62733676218431444
 0.82984622826247256
 0.26217141056306842
 0.43134074017886298
 0.91677485962254002
 0.85418458427293731
 0.94424674049160462
 0.90255568635161743
 0.49592278453919975
 0.50515196837935905
 0.92320101171514068
 0.61505154153179109
 0.51366024570215896
 0.378723348208233
 0.60826849562444629
 0.31290872380279172
 0.34311164464752025
 0.80787896431491091
 0.38605184773629958
 0.229414577252463
 0.98044928640069107
 0.56584845434574571
 0.6520156028983467
 0.82969116388871822
 0.63314466234714906
 0.16619497744896411
 0.56688463284576918
 0.32990987569489166
 0.43806801143496515
 0.10898391120165034
 0.075400592539543385
 0.55303917822375159
 0.60193533950651101
 0.24888407365924142
 0.79887463150462135
 0.15583646290747405
 0.54050196649427129
 0.0078649394996860751
 0.018372295429909858
 0.56296871526739334
 0.1669610346956461
 0.84633122638072766
 0.52360980482011754
 0.090040350626325691
 0.65210761200932255
 0.61989529583057856
 0.39068542413901924
 0.29933149302052092
 0.41051933721733275
 0.62913200571242522
 0.14608363280707587
 0.71515213151187162
 0.54576862795758219
 0.35082805301110315
 0.60562660119840384
 0.94922486715700072
 0.94015367965087115
 0.41962452716067905
 0.075956568672355493
 0.90956001258658881
 0.33149883067068336
 0.59279339926740082
 0.12698008133740862
 0.48706756345960661
 0.11836876812038848
 0.25524674136066366
 0.47176517748960073
 0.063642783204659811
 0.26184519744960594
 0.71924910679687415
 0.91392593452623772
 0.76805838903084134
 0.23874241095643095
 0.75073364756812544
 0.94084642971003241
 0.93559052284504851
 0.90106869717050797
 0.48781186120588232
 0.9331380505686997
 0.13712890659464722
 0.98076180826445292
 0.088163614964835643
 0.83511083964164079
 0.8296689479376671
 0.097344564278387377
 0.40076936793885715
 0.2527566846529416
 0.44197229687790446
 0.1692661177481663
 0.93637998693225899
 0.98749174014266217
 0.89244071933963676
 0.25982824244705
 0.1213055362754643
 0.64939461644674501
 0.32590402918812628
 0.37979310523143711
 0.7644064255884907
 0.15295430409407978
 0.61426190695248428
 0.73753290213168576
 0.93949480922549145
 0.89858166029134035
 0.80645950813193057
 0.66476995792059979
 0.094413134703459176
 0.93123367922563394
 0.9604051020672687
 0.71075310899106769
 0.1318160372847656
 0.83263361931292856
 0.98436347121235324
 0.74757961359703284
 0.19950354104103901
 0.43101255574928649
 0.89219428125283851
 0.7768885526514443
 0.72365280024225487
 0.63137747357220508
 0.43284117477445622
 0.015640938091093837
 0.51535063760326549
 0.94121494836184183
 0.71243054315540033
 0.27058098936475411
 0.44391975739556272
 0.027744422202922659
 0.69360634184374959
 0.026730197941745183
 0.56848132567740528
 0.44505982674583383
 0.013594065067203887
 0.11169575827606686
 0.49295285431472519
 0.021243805526049476
 0.75978868041009273
 0.21632758199365038
 0.93005761663681397
 0.32187347107774972
 0.79188339072059089
 0.47607621890702706
 0.91576327063710783
 0.97549513215931705
 0.0025124247047898949
 0.72223796004568352
 0.59024293091232216
 0.88946416616233759
 0.32452058683450863
 0.8488218099533309
 0.55137112992220982
 0.4712613668019327
 0.87801114454992213
 0.17116795709232396
 0.39724843105187685
 0.6215664115712991
 0.53867335592329935
 0.4778969439769028
 0.25346997197710336
 0.62239810077565272
 0.60875663759769427
 0.15809282428744303
 0.15745408585190163
 0.65407110306439531
 0.040442729199809221
 0.49042375093793328
 0.73693048329440658
 0.64730776033973847
 0.6029454609364594
 0.14171162330746062
 0.43381582287570092
 0.63713093200915627
 0.58688711646839797
 0.89026509610704241
 0.1070023354543123
 0.73648768203796577
 0.61054794800580758
 0.45587511654164287
 0.64810000679890201
 0.547822222550718
 0.32224689280875146
 0.056160720406049511
 0.83345684750412541
 0.15912057580062872
 0.22383287810324021
 0.24177818326861705
 0.97323569831733681
 0.28287139667534683
 0.21519996708303474
 0.10911763475133833
 0.12383527048652503
 0.63985602299770661
 0.23094476295148597
 0.98007485707640185
 0.67009513742669402
 0.54620693708216106
 0.91890653127847743
 0.66980186566672817
 0.61517180891023049
 0.60575214160893665
 0.27416210298690263
 0.26005178786126043
 0.46110808450456037
 0.16086691085051524
 0.43939994639832175
 0.28878269361415637
 0.068693975728394682
 0.93007529480389117
 0.41038392210236468
 0.098067588392801205
 0.19110079024992005
 0.0048427816600006722
 0.32802637440536336
 0.39361445650550869
 0.75521296400848448
 0.8817363518854564
 0.20772744635764046
 0.29761193970779848
 0.55203429618541522
 0.69413960014570797
 0.75360751327453779
 0.33253170171077123
 0.21704904053188162
 0.072221510704540012
 0.049679357206319483
 0.58861375173654917
 0.79140224811098325
 0.16204852010015808
 0.3015387317057428
 0.59928802834113326
 0.10609364065170195
 0.746224557062236
 0.44487329475295206
 0.59501220832778123
 0.86476267540160023
 0.40088218584462437
 0.038694046473138052
 0.986441820116986
 0.43238600780065445
 0.14138193274781391
 0.82608647811795377
 0.012132379865055821
 0.0077403762182567835
 0.43368170422413893
 0.74082535116678827
 0.76362270965878754
 0.45540261323646397
 0.14007432880709841
 0.34689632080869998
 0.95369715641087949
 0.040831831866726939
 0.89489626611030848
 0.96821776257204539
 0.5954068026447753
 0.5054170918408587
 0.84356944145891855
 0.49134730921367403
 0.14770169521124804
 0.57433555260673153
 0.58494021645165128
 0.55217566340890933
 0.905460366263798
 0.47402169585894177
 0.80225652808420922
 0.013293319774694324
 0.49111421323454524
 0.23192388779437195
 0.694614336747154
 0.75551484171942007
 0.64607361161393917
 0.15872612654387724
 0.62705687210600813
 0.65439317903343242
 0.55834342994405262
 0.42583619182511651
 0.31473300721258396
 0.13437554002974056
 0.43513801662455071
 0.68603715753511352
 0.11894441111960578
 0.56999384272634801
 0.74577542768121285
 0.11318123259830841
 0.38276349476399202
 0.88807932550008495
 0.79463891981062718
 0.51595555676082439
 0.014341367749289225
 0.47272519077742342
 0.88384332048084979
 0.030361277508221308
 0.09558636773380573
 0.94323021018731679
 0.88927633043791887
 0.74646800960452964
 0.56809330522781609
 0.027004136055866313
 0.92275369514501782
 0.94344200918067689
 0.1546159097539393
 0.82284829484331401
 0.73095834278024052
 0.13281759566080925
 0.37667323069782105
 0.3758024807765758
 0.78114653824220104
 0.099151857574334909
 0.30185895093122866
 0.6066702361918026
 0.77554519000232913
 0.85297550896428986
 0.88260020437368913
 0.99028626435152511
 0.80625670159908391
 0.83705451728894298
 0.79287453878946745
 0.47307527675989697
 0.62029372165122409
 0.83409104716109439
 0.45625022982724345
 0.12814811670274578
 0.80987734542558698
 0.97886673037770688
 0.83702533618297481
 0.45381633426017826
 0.68704280148869534
 0.99382813541469284
 0.9631118483584471
 0.046163384371977353
 0.70318439748006301
 0.96882837422775892
 0.45108537073892901
 0.75977914127984036
 0.18203448487903134
 0.49234879651650615
 0.18560352868328706
 0.38202302835476148
 0.021588986608256078
 0.66300603705288585
 0.52814257650200092
 0.23947600158272581
 0.61322300658768569
 0.77844371068734153
 0.64198156700538633
 0.771353271539719
 0.47899677227546072
 0.77130961844582702
 0.98694157422521622
 0.17561766705112664
 0.62492597645634851
 0.96976194081553302
 0.96995886356865535
 0.78996438396736046
 0.40258328250928405
 0.75494453724502897
 0.11229064949688332
 0.7154527836605471
 0.83403001181440628
 0.62533799003549551
 0.80849858602346825
 0.68444794434795742
 0.016389198013854345
 0.95770169593791321
 0.75786949577422258
 0.80401833782225374
 0.0024187942550353723
 0.2676111673725497
 0.66225787508708578
 0.51949485832660125
 0.65972393622203473
 0.85267023754924609
 0.95572109332431177
 0.28896467488426675
 0.54761778442235021
 0.95238322895314376
 0.43031204834251385
 0.52594127480509889
 0.06756626351459509
 0.7727240279023847
 0.16063904153850267
 0.72599765311900966
 0.14272698323866578
 0.67410932593809836
 0.21152102708367854
 0.33310056089048429
 0.26711044175173565
 0.5194167251731463
 0.4213885706140465
 0.070009831423037669
 0.48039309664133484
 0.60970796206885203
 0.59604331048988479
 0.62348637480746361
 0.10069063534199345
 0.87301846473705558
 0.58419648106131861
 0.17249912474141599
 0.20972027424046774
 0.97609502788869296
 0.044267023888773724
 0.49144685909167091
 0.82477988625227827
 0.0056587658603894251
 0.52032812849758914
 0.057057911505749723
 0.84833357292898648
 0.35360559662855612
 0.13511700904296647
 0.75426008964421087
 0.010426578751688998
 0.94177118438104634
 0.30079875670523487
 0.54415264740655545
 0.89847212291465661
 0.59603948166159704
 0.18764755285583451
 0.01453723497253372
 0.37405957108709126
 0.87908171970252913
 0.42688298175795675
 0.4043629371478929
 0.77894210604883563
 0.6914215602838627
 0.28143838440721219
 0.10429456020507459
 0.10390436427578624
 0.015125752499125223
 0.63940838868039462
 0.26463050816985162
 0.98530214870681454
 0.84171678013766094
 0.65478412775207817
 0.66207644533512444
 0.31338788403487211
 0.81788371299475049
 0.11094808777579727
 0.28067106686548743
 0.93182765496652498
 0.4252842572417917
 0.86863899587116056
 0.90677774369394937
 0.30815945827989594
 0.23527051569629415
 0.56779112500448981
 0.62202565827664558
 0.31224200076738701
 0.64808134821318508
 0.60401830748384344
 0.0010497367304953987
 0.49832452237134578
 0.98901445114827102
 0.4875832653062559
 0.56467042415588742
 0.32621807318489454
 0.74640337791821076
 0.51492748885301032
 0.69224156003628912
 0.28522263159553235
 0.34627284066262837
 0.08673831163470351
 0.44996668208226082
 0.98924750206737444
 0.58589686709299127
 0.83343358387615074
 0.45116526759616921
 0.066277228334042745
 0.21688853209037678
 0.15008167985555559
 0.85229956954361275
 0.95016712832905259
 0.63323055538984852
 0.20530577926331534
 0.89397702948736357
 0.71299786355539796
 0.22704823686591052
 0.20480650183664689
 0.97624561515405295
 0.31907610110542123
 0.14919058722924111
 0.41680087193462251
 0.95063934049581367
 0.46843712549524158
 0.056038761289023006
 0.44962422257375961
 0.43037062607930371
 0.42143135423480033
 0.85400032044196572
 0.32904369054350918
 0.62053120458507238
 0.24717510856876374
 0.61259713761566681
 0.6262984737920696
 0.07911100910205264
 0.20057244994703877
 0.95637305124581318
 0.038039231869687204
 0.53116694280843868
 0.33020339736828125
 0.021846823699401764
 0.31972469190243585
 0.62816943705224115
 0.39206170508746713
 0.83978235905453302
 0.38442082579119746
 0.19767132342482968
 0.91361070747537987
 0.59499729548323455
 0.016006431005152689
 0.14351773900703818
 0.68153305559740951
 0.58722351317097932
 0.56659259714005294
 0.97929989879217549
 0.80007687392981908
 0.98551740624491302
 0.75817286468461798
 0.82600662278166681
 0.20371667205732641
 0.62929853009966941
 0.97662071557248886
 0.33121460417635257
 0.66132919706495674
 0.42900187598274137
 0.0025495849894830334
 0.35432284912309425
 0.84826125070221969
 0.56896778890344402
 0.24744884766443659
 0.48150447456948903
 0.61110423787566881
 0.8630903621468774
 0.34105156191553027
 0.42683317686830807
 0.7171927955994718
 0.81702973103134957
 0.50281637591150741
 0.81942254045617813
 0.25867228975509599
 0.39936678716673307
 0.068844095226137478
 0.69553030994723142
 0.21978579241429846
 0.31008650353807016
 0.39140803419345044
 0.71731496948922335
 0.81943522917040823
 0.99119613880837421
 0.52758179859314613
 0.78231454656275745
 0.42929239922744261
 0.16534220229193203
 0.43044535288991587
 0.58421412067546274
 0.023342698025958276
 0.69640910718706883
 0.58084267144822865
 0.027126626822237144
 0.22533901656399463
 0.71991337945002742
 0.67872795835050037
 0.63918833389996887
 0.33168637133291751
 0.042161469821060546
 0.77995538494860173
 0.23130534946451925
 0.27760328768774062
 0.75015791709885937
 0.43494450773765508
 0.56022419510705657
 0.78493271448873425
 0.49075919487112346
 0.56424255690302005
 0.074556170573957178
 0.35859350498010673
 0.19805807072875142
 0.88416274680227758
 0.72933949095556883
 0.29237294809597963
 0.1765236186592663
 0.57455255340052103
 0.82950294510986278
 0.83212873745734728
 0.57889016277254968
 0.45661185981730906
 0.69000328947712664
 0.3026453050875581
 0.58696385291768338
 0.75210543996962653
 0.70970101341631608
 0.74857154582891638
 0.4463816921830594
 0.31523663367792282
 0.61369617843982305
 0.65299094218841036
 0.38893260018316705
 0.338976421412236
 0.36966767225886027
 0.41822838012570601
 0.12792680459527711
 0.65994241638732876
 0.69195545562351679
 0.58149612559110153
 0.79650856042663232
 0.87580062514360413
 0.60443806200221839
 0.080779436170483929
 0.57904964739613518
 0.10465169033380665
 0.14849744421626282
 0.69335735279854127
 0.062867687766697974
 0.18524537386387713
 0.9493012681119446
 0.60535556358605969
 0.70548902052020579
 0.84270788396984475
 0.50661477772504127
 0.78659462088369037
 0.091223043501064513
 0.071828986927540403
 0.9642758758270682
 0.95945451258977821
 0.041397271823821399
 0.52211788650917534
 0.78946091856984424
 0.29953539765579856
 0.51962664995988472
 0.35439957175702202
 0.89726976018658033
 0.91475308153151902
 0.57779283090634559
 0.27634807391716426
 0.28460233382943873
 0.52668993283018828
 0.63152342363900138
 0.041092334735614841
 0.70228081854815305
 0.40140215977749055
 0.59168726737522992
 0.34522767056476494
 0.93548238102351222
 0.43634029377420597
 0.29651608183718842
 0.89065897004219763
 0.30174582723564908
 0.88436367074804156
 0.78603492784948359
 0.52980150125927805
 0.63356894326237745
 0.59638488469392181
 0.031315068824496015
 0.68348765394178834
 0.76638099778955349
 0.1508575565129619
 0.90613277710136508
 0.91565793412292118
 0.22782828102044245
 0.76858353720193151
 0.92139650103874227
 0.90841656902178569
 0.30676121336020018
 0.62001883654314138
 0.51002109171054033
 0.33827781839319954
 0.13249747263776207
 0.42659742145880547
 0.56225915893228862
 0.99474560658234013
 0.079635065324366414
 0.36748044543651709
 0.06183340253836915
 0.71585781396561943
 0.0020866046420274119
 0.48145598062736467
 0.074282071465446006
 0.31666639809465708
 0.64015643738462791
 0.72163732328471319
 0.1604555449649408
 0.54851090473179076
 0.8530818965220216
 0.14395248113356879
 0.34224796810877073
 0.5889561909724137
 0.13911841026807431
 0.95796193610337521
 0.25245336609965402
 0.59042718066513034
 0.56509062433280932
 0.23829285512947979
 0.096526833957196231
 0.23988621443260044
 0.73990140759942213
 0.060279622926175544
 0.16994982175215251
 0.36472939333274518
 0.97632829852753156
 0.13998961435363028
 0.17983877420756517
 0.36711064754438621
 0.52584995463626338
 0.48014610250034301
 0.59424262679169437
 0.64799657153714474
 0.46417835738317453
 0.15136225848438517
 0.80946338533102213
 0.93516696108163122
 0.29441597048199591
 0.6621869447295331
 0.19227538043289222
 0.8552694394545669
 0.86650985878788256
 0.58053149696018091
 0.25938307251842491
 0.62548104513312164
 0.23303781003302831
 0.029895079653344637
 0.018220571490499538
 0.87940789988236268
 0.24784804893031481
 0.21936268477598958
 0.17838244340548409
 0.313258845469571
 0.437803091005946
 0.33593956143510878
 0.52706632581247048
 0.43808538033221506
 0.96112861871015742
 0.90892656399243543
 0.74624676777060084
 0.51270144797271866
 0.60191393903276191
 0.17198467787618871
 0.6236538173831262
 0.2520307256705015
 0.63912096451277689
 0.85773724819697483
 0.85255595885808722
 0.44129089049323938
 0.21488400568034599
 0.2961640898802958
 0.54333844951454546
 0.49746670598782211
 0.81904063115173464
 0.5998294116415771
 0.099879851401612971
 0.58827935311072377
 0.53138161136482887
 0.96705309806678308
 0.85189739362585581
 0.81288315962197655
 0.042009358183892551
 0.7850897640772958
 0.91018986941166313
 0.89736410167683434
 0.75051659366836854
 0.06625517637701521
 0.20573669787771603
 0.65410440581814633
 0.71902330191615138
 0.089233315583384806
 0.76393667793294007
 0.6432691517473873
 0.84699113860041164
 0.47011109001809875
 0.67131685260144258
 0.21998745974426698
 0.98140320077916177
 0.97916306359906014
 0.21107342134892276
 0.49585568564396437
 0.26143145015809238
 0.53893612752960285
 0.62409832298605716
 0.0069722452661604038
 0.76236853298234986
 0.9738490580046204
 0.14169317547780796
 0.35342693449327772
 0.26535123012034673
 0.50649275649343906
 0.56114242475181775
 0.081891687570270918
 0.23822355501625297
 0.23126056070120909
 0.40665816902319546
 0.7258386033294244
 0.76589649925957504
 0.88974974104148108
 0.27873083609480648
 0.8130397489767669
 0.47934116346186889
 0.94079056986214316
 0.46942997035880601
 0.57219028212083334
 0.099330645589300756
 0.76653129037412138
 0.58935779836247471
 0.30918717067014562
 0.56450141364757855
 0.48094318704681477
 0.5552931851438313
 0.14324886029319533
 0.10783094193246216
 0.73376216193370869
 0.18017378016553781
 0.77267458175980486
 0.60892461916908536
 0.095487822936421926
 0.63775210301968033
 0.47027582219836411
 0.24591054899700887
 0.87708494330462672
 0.64296053867805303
 0.29219153616418997
 0.2826157073154672
 0.07503657738192597
 0.65415524360551403
 0.47375647333916021
 0.59818188929189831
 0.66894670919137211
 0.39036287078646731
 0.49522422596501675
 0.77112989480846328
 0.6131357234871303
 0.88219878387904371
 0.54593409849828756
 0.40934290063281215
 0.43273504676048907
 0.72798848257819859
 0.66213616277668563
 0.54001819764532
 0.75461831073637264
 0.65133424551645414
 0.27056556432365148
 0.90433693258857895
 0.54220744968726542
 0.29137634240897975
 0.24905700780655088
 0.11408564568407091
 0.25682637971908179
 0.15848276517023979
 0.32157451763795392
 0.0083858462325860257
 0.69735690700068909
 0.9227997753213768
 0.034668566195037706
 0.26068349747559566
 0.97357038109153349
 0.43040386940783987
 0.85784846312650509
 0.89334594699946346
 0.27991565630443188
 0.18324773336779826
 0.78950780248199215
 0.1608049346655101
 0.60037921915501002
 0.49004695507636514
 0.72019468091703709
 0.4459270446743307
 0.20457560160969274
 0.93252260302490264
 0.33116311184996577
 0.81947151250914274
 0.16556743680530567
 0.42905760716779967
 0.61541597964105843
 0.48520073712418582
 0.80596685977387827
 0.63180582216323944
 0.80554227673732981
 0.0013784181756189451
 0.36014699756521057
 0.26644602630421738
 0.58023573881424595
 0.66849978787018927
 0.15218427059370127
 0.33269436389908819
 0.62848091192262112
 0.99106699508729168
 0.77714507587153603
 0.77431034693325251
 0.59663784673669062
 0.23649259010323648
 0.13005991621828589
 0.38412441511068823
 0.15603556316671924
 0.88856113500260314
 0.64573987452369841
 0.28511638894506103
 0.63092360935757197
 0.061746859894023329
 0.77371795479007932
 0.1407355700100566
 0.54797424106799641
 0.67467323921826339
 0.80381176156432288
 0.53302299881974458
 0.47329299962939891
 0.05642562804164801
 0.46480809710440568
 0.64332776319105034
 0.73970546611593513
 0.59476456730068783
 0.65349895932167656
 0.13638181900699647
 0.4639840659986873
 0.75279117917376781
 0.67739960676068212
 0.98044484560189815
 0.37607138348700736
 0.8828621741107362
 0.80365531196367257
 0.41933563783369449
 0.50575832657741793
 0.88728006117327418
 0.44959299934231395
 0.60653924443898311
 0.44771038656177703
 0.42757951747238626
 0.90097676804286153
 0.72561555631043961
 0.71298202406434752
 0.24597334934547083
 0.72786351001335303
 0.35110105904687877
 0.22060532000632599
 0.20067779023604077
 0.34028436535945478
 0.84001404952549996
 0.65308573425086214
 0.66905272947251859
 0.056597132764168376
 0.16157341099805195
 0.5247450465634701
 0.94998888349988631
 0.45842350910428659
 0.1067920981267078
 0.25769676259360791
 0.74233742758813348
 0.12283428792863331
 0.46642765692526228
 0.48531465493358922
 0.53652305024196811
 0.21365049872080283
 0.96200506602020919
 0.48264166016217752
 0.24016775440788046
 0.88691949299359307
 0.15543570532711398
 0.18268304666268637
 0.53236682702266214
 0.33532145328903845
 0.025810920192911247
 0.51026819790803801
 0.12197791837339471
 0.714098674463442
 0.67094493844263547
 0.29991004075396271
 0.031948908990180699
 0.3854714603814447
 0.14697688995429875
 0.88448689570000061
 0.99507104218258635
 0.51952096217367794
 0.26282258257944696
 0.36365399599489828
 0.36822569518283205
 0.81996157521951052
 0.36001882030203997
 0.33967226978453263
 0.25904563780856654
 0.40980005353694554
 0.92123706292116347
 0.50525541142638408
 0.94251201519526906
 0.49934100968730116
 0.42100875904854079
 0.46407442268962479
 0.95375843774072011
 0.66781220181151979
 0.18416211153216117
 0.42145207153966174
 0.16312978484320412
 0.71317228551839074
 0.93029459312004681
 0.31892919240015022
 0.72331949448024535
 0.67302482676456821
 0.23057229390407924
 0.075705317199665598
 0.69752316343181875
 0.60876232635926386
 0.95402429018074442
 0.81810775538154201
 0.98926168245414647
 0.055197755961491055
 0.048402777957243945
 0.058851991619619223
 0.97166348370093414
 0.22188201734161545
 0.6196964352729768
 0.20250726015971793
 0.31555859272491987
 0.083741949432191529
 0.1622494109314993
 0.064659955756880591
 0.041414674594499476
 0.8430181699454502
 0.30806479846702611
 0.019645627764434615
 0.39434629332354948
 0.071892960092533917
 0.90195156150291134
 0.0053229466146527569
 0.35532648112752568
 0.9662521655515488
 0.40908594641355439
 0.60175464918139798
 0.74644432433278385
 0.085496725402875937
 0.61055404440647731
 0.083216948241941965
 0.051390215758231925
 0.71488329325146527
 0.20059903528154638
 0.56178615199624415
 0.45661938898498416
 0.50772222094886643
 0.50914569817949584
 0.17799921351183184
 0.57836723155542602
 0.046878497395862848
 0.85633906284157468
 0.6283089651464866
 0.9408953503235028
 0.74097779993144297
 0.59401649757172981
 0.57918508775649502
 0.82623648862381105
 0.020728439010042999
 0.69342257698665533
 0.97140337721688375
 0.39208090938840062
 0.36665100130284595
 0.90115291764460048
 0.7670706455943076
 0.063913869345096283
 0.56360477561902189
 0.734241421052508
 0.18091321645022834
 0.96513788352728924
 0.80191029749628151
 0.81543979679187639
 0.896983477336317
 0.2766293313858092
 0.8114025331896203
 0.073538326795114115
 0.32481173643991829
 0.83278651684649596
 0.29236091501758205
 0.76586034104746747
 0.96483617412276457
 0.69116457519367658
 0.52958528654768244
 0.49385574177716823
 0.92666660736481143
 0.59833520117018069
 0.43090373625119843
 0.64159236117597351
 0.61649807186616701
 0.86281043599858065
 0.95441498981081219
 0.24747879449014482
 0.56879964169217334
 0.77313200893859413
 0.41056820722175896
 0.042954712481637444
 0.49837925990098703
 0.34326685107118721
 0.44960565197365782
 0.62804662932537814
 0.76966735558731303
 0.1283001138977759
 0.17565843475746329
 0.41107517511605113
 0.57359031912791192
 0.061168619622187489
 0.92405091574270526
 0.44172479139060478
 0.20628165754735378
 0.4513610881388786
 0.34358197671018248
 0.46066518382140526
 0.34727709033975968
 0.0018033776574881033
 0.99934645048928905
 0.031355668871205375
 0.87042189153180005
 0.35251813270376514
 0.14160995744250976
 0.9555105217171298
 0.32099420637595938
 0.46457447247776767
 0.83459744448118833
 0.18612882381136603
 0.2358796009867386
 0.18257819949598292
 0.86140229326036855
 0.93400664400623623
 0.61435649365677758
 0.29154907258056045
 0.2054692581808672
 0.45136637773881555
 0.68625362051916328
 0.43523646118947584
 0.12917066798638693
 0.1476012435454444
 0.9151860847610509
 0.42153186971606865
 0.47790927098855246
 0.90565158429827264
 0.42729129377788527
 0.33808057019102217
 0.95312943791525107
 0.92163979159795317
 0.5361926894068666
 0.80755793263960896
 0.34475284348160201
 0.69491031218062194
 0.49021863307562913
 0.87672606036527068
 0.17409007869577947
 0.82482336487072139
 0.34892837683477179
 0.077970018886409351
 0.7162752546171729
 0.67278111842547894
 0.9678586437101796
 0.34108506871084093
 0.24237352595054446
 0.80986080264308447
 0.034555704025431885
 0.91096524496149978
 0.87002830589689195
 0.18228426841807738
 0.52349522012480698
 0.47982397763514989
 0.46182886666658834
 0.84173330020707737
 0.029582655000667746
 0.52021824831008523
 0.91618260838495769
 0.11913470342389158
 0.37095513011078302
 0.73324553995013642
 0.34088439008760657
 0.19758980560118083
 0.89598726643572835
 0.61461319988581842
 0.90733546852899449
 0.7495384247868897
 0.46400217303869168
 0.14659527413708778
 0.79720682988311031
 0.74356501635640337
 0.95657931688407072
 0.75448035115662182
 0.19610326933401651
 0.19784395811585181
 0.76086274430823519
 0.94492940331890696
 0.5470052337765996
 0.27986711123804303
 0.59898398290919486
 0.21395432023270194
 0.86930050552983695
 0.97776397743299903
 0.064375433382978395
 0.69297766268716399
 0.23076387980241292
 0.15179853934581261
 0.047464278332036744
 0.83650144613153354
 0.9751247715527781
 0.84057673209499284
 0.25360019483528079
 0.33655346986026019
 0.2569239402480093
 0.27867780018037641
 0.61271071779155939
 0.93268629306418072
 0.42500082590313831
 0.49196560208203227
 0.90164889860569086
 0.80758923002834393
 0.91742926661376378
 0.61552641706233691
 0.76172302797416136
 0.23849527673025001
 0.055797333030846372
 0.38177432856003707
 0.64420565146849762
 0.90153862437578558
 0.071726907641299673
 0.68131676010914255
 0.031931701919810027
 0.87710845863428633
 0.058691812168199339
 0.80733919803720111
 0.75005410370936354
 0.36651788695858972
 0.67654498434710475
 0.1145211986714048
 0.48455450839651332
 0.40009211970192099
 0.11564655140151096
 0.067546187877099026
 0.73458135788231049
 0.71476834513820531
 0.2377124550273208
 0.043694847700963366
 0.61762447489879768
 0.93607993674130652
 0.76883053130998391
 0.1671888070567264
 0.0078329024487852512
 0.050963156603765311
 0.82658178122335579
 0.73161644127042191
 0.9126532637309116
 0.59517415986949018
 0.89990012080254178
 0.17503523212595512
 0.86791270134055665
 0.38312593092834618
 0.037287576039552503
 0.82981488933318936
 0.85366292235669061
 0.3263223566642523
 0.73757563698922823
 0.76893491860497065
 0.014615266473912248
 0.3718803870938045
 0.59563299496751732
 0.76510144824835358
 0.24205965875882535
 0.13488551368724971
 0.87131500522281835
 0.034154307737474451
 0.74555715775105325
 0.14428995370091197
 0.58618693345562589
 0.66927495953866334
 0.77018388347729283
 0.81161524264373508
 0.78051221382150748
 0.87238925105529563
 0.66507702162840798
 0.98956030856403487
 0.65656568850607555
 0.60173780612307715
 0.19404282348969409
 0.052752933734928772
 0.62054762166281918
 0.48395622639454666
 0.85772641048554521
 0.30275885509848893
 0.71251696040867951
 0.19080886380600998
 0.5265577019033939
 0.89258699922379237
 0.76542113474837103
 0.656512605506956
 0.004662898457500164
 0.49907500996680948
 0.41861911668936752
 0.78723924139881296
 0.55645732163603101
 0.10658557527583983
 0.54024132503738043
 0.15634500955710945
 0.24144058554220732
 0.68145568804978451
 0.39966770876086494
 0.15997355138734021


